target,fold,epoch,train_loss,train_rmse,val_rmse,val_mae,val_r2,val_mape,lr,elapsed_s,mixup_n_applied,mixup_lam_mean
oxide_etch,0,0,0.927174,0.074095,0.078184,0.061059,0.011316,9.75,0.0004999143312438893,51.79,18,0.4602
oxide_etch,0,1,0.927837,0.074122,0.075225,0.058643,0.084739,9.36,0.0004996573836886434,7.34,18,0.3577
oxide_etch,0,2,0.824222,0.069861,0.074105,0.057729,0.111791,9.07,0.000499229333433282,6.63,18,0.5886
oxide_etch,0,3,0.819583,0.069664,0.073122,0.05661,0.135214,9.04,0.0004986304738420682,7.24,18,0.5869
oxide_etch,0,4,0.901718,0.073071,0.075503,0.057981,0.077974,9.4,0.0004978612153434525,7.5,18,0.6023
oxide_etch,0,5,0.810849,0.069292,0.074093,0.056907,0.112094,9.14,0.0004969220851487844,6.53,18,0.4423
oxide_etch,0,6,0.772846,0.067648,0.072929,0.055881,0.139775,8.99,0.0004958137268909886,6.26,18,0.5916
oxide_etch,0,7,0.791605,0.068464,0.071623,0.054827,0.170293,8.7,0.0004945369001834513,6.79,18,0.5913
oxide_etch,0,8,0.80924,0.069223,0.071449,0.054484,0.174323,8.69,0.000493092480099419,6.43,18,0.5194
oxide_etch,0,9,0.807802,0.069161,0.075424,0.056573,0.0799,9.27,0.0004914814565722669,6.5,18,0.4757
oxide_etch,0,10,0.678269,0.063374,0.072467,0.054294,0.150635,8.8,0.0004897049337170481,6.44,18,0.4878
oxide_etch,0,11,0.712347,0.064947,0.070849,0.052663,0.188132,8.36,0.00048776412907378824,6.42,18,0.3292
oxide_etch,0,12,0.647116,0.061902,0.070791,0.050699,0.189453,7.75,0.0004856603727730445,6.38,18,0.3893
oxide_etch,0,13,0.724992,0.06552,0.076993,0.05207,0.041231,7.71,0.0004833951066243003,6.37,18,0.6298
oxide_etch,0,14,0.745,0.066418,0.083174,0.055001,-0.118888,8.01,0.00048096988312782156,6.34,18,0.5455
oxide_etch,0,15,0.631475,0.061149,0.070619,0.046966,0.193404,7.0,0.00047838636441065006,6.36,18,0.4248
oxide_etch,0,16,0.586232,0.058918,0.071079,0.049175,0.18286,8.01,0.0004756463210874651,6.5,18,0.2986
oxide_etch,0,17,0.627312,0.060947,0.072101,0.049742,0.15918,8.16,0.00047275163104709185,6.51,18,0.4018
oxide_etch,0,18,0.68346,0.063616,0.071073,0.048063,0.18299,7.86,0.0004697042781654912,6.62,18,0.3402
oxide_etch,0,19,0.655648,0.062308,0.07054,0.047635,0.19521,7.77,0.0004665063509461096,6.39,18,0.3412
oxide_etch,0,20,0.668088,0.062897,0.069449,0.047147,0.219912,7.5,0.00046316004108852294,6.42,18,0.4099
oxide_etch,0,21,0.628319,0.060996,0.067676,0.043732,0.259216,6.59,0.0004596676419863559,6.37,18,0.4028
oxide_etch,0,22,0.762537,0.067196,0.068045,0.044187,0.251125,6.7,0.0004560315471555038,6.43,18,0.4468
oxide_etch,0,23,0.741281,0.066252,0.068862,0.046447,0.233038,7.44,0.00045225424859373677,6.41,18,0.5364
oxide_etch,0,24,0.676275,0.063281,0.067809,0.045112,0.256317,7.1,0.0004483383350728087,6.41,18,0.399
oxide_etch,0,25,0.591386,0.059176,0.067228,0.042677,0.269008,6.48,0.00044428649036424265,6.4,18,0.4898
oxide_etch,0,26,0.632333,0.06119,0.074499,0.044711,0.102323,6.55,0.0004401014914000077,6.4,18,0.5211
oxide_etch,0,27,0.551577,0.05715,0.0765,0.045503,0.05346,6.64,0.0004357862063693485,6.41,18,0.59
oxide_etch,0,28,0.643751,0.06174,0.069874,0.042326,0.210327,6.35,0.0004313435927530718,6.38,18,0.6726
oxide_etch,0,29,0.629661,0.061061,0.069338,0.044568,0.222388,7.13,0.00042677669529663686,6.38,18,0.5348
oxide_etch,0,30,0.560261,0.057598,0.070199,0.044776,0.202971,7.24,0.0004220886439234384,6.42,18,0.4879
oxide_etch,0,31,0.539554,0.056523,0.070177,0.044544,0.203457,7.03,0.00041728265158971447,6.66,18,0.4159
oxide_etch,0,32,0.599359,0.059574,0.07138,0.044033,0.175923,6.74,0.00041236201208254584,6.77,18,0.7087
oxide_etch,0,33,0.571224,0.058158,0.071314,0.044475,0.177444,7.2,0.0004073300977624593,6.46,18,0.4085
oxide_etch,0,34,0.499799,0.054401,0.070212,0.04332,0.202669,7.09,0.00040219035725218007,6.43,18,0.3932
oxide_etch,0,35,0.479335,0.053276,0.069533,0.042542,0.21801,7.01,0.0003969463130731182,6.43,18,0.5394
oxide_etch,0,36,0.632442,0.061196,0.076578,0.045993,0.051518,7.04,0.0003916015592312081,6.46,18,0.5159
oxide_etch,0,37,0.540678,0.056582,0.089503,0.050634,-0.295674,7.39,0.00038615975875375667,6.54,18,0.3538
oxide_etch,0,38,0.501311,0.054483,0.073822,0.044259,0.118564,6.78,0.0003806246411789871,6.68,18,0.5087
oxide_etch,0,39,0.561893,0.057682,0.070948,0.04315,0.185867,6.95,0.0003749999999999999,6.41,18,0.5287
oxide_etch,0,40,0.593829,0.059298,0.071184,0.042879,0.180444,6.97,0.00036928969006490205,6.4,18,0.57
oxide_etch,0,41,0.515185,0.055232,0.07163,0.043217,0.170129,6.85,0.0003634976249348866,6.39,18,0.7275
oxide_etch,0,42,0.537516,0.056416,0.072499,0.042542,0.149884,6.49,0.0003576277742020737,6.46,18,0.3219
oxide_etch,0,43,0.570518,0.058123,0.072605,0.043467,0.147392,6.79,0.00035168416076894997,6.36,18,0.4103
oxide_etch,0,44,0.510541,0.054983,0.072551,0.043466,0.148651,7.0,0.0003456708580912723,6.41,18,0.3907
oxide_etch,0,45,0.394026,0.048303,0.073058,0.043705,0.136715,6.99,0.000339591987386325,6.4,18,0.6446
oxide_etch,0,46,0.625683,0.060868,0.072027,0.042835,0.160918,6.7,0.0003334517148084426,6.62,18,0.4249
oxide_etch,0,47,0.568645,0.058027,0.075503,0.041937,0.077973,6.21,0.00032725424859373676,6.42,18,0.4464
oxide_etch,0,48,0.45633,0.051982,0.079877,0.043313,-0.031963,6.31,0.0003210038361759806,5.8,18,0.5389
oxide_etch,0,49,0.532522,0.056154,0.075124,0.042949,0.087215,6.47,0.00031470476127563006,5.52,18,0.3686
oxide_etch,0,50,0.51378,0.055157,0.078533,0.043293,0.00247,6.34,0.00030836134096397623,5.57,18,0.7556
oxide_etch,0,51,0.437054,0.050872,0.081949,0.044488,-0.086191,6.46,0.00030197792270443964,5.62,18,0.4625
oxide_etch,0,52,0.430775,0.050505,0.08508,0.046578,-0.170777,6.72,0.0002955588813730367,5.42,18,0.4557
oxide_etch,0,53,0.431092,0.050524,0.087138,0.048228,-0.228095,6.95,0.0002891086162600575,5.4,18,0.4546
oxide_etch,0,54,0.531018,0.056074,0.079734,0.04423,-0.028255,6.49,0.0002826315480550127,5.44,18,0.3557
oxide_etch,0,55,0.584009,0.058806,0.068314,0.04043,0.245183,6.7,0.0002761321158169132,5.92,18,0.4484
oxide_etch,0,56,0.549735,0.057054,0.068511,0.040654,0.240841,6.78,0.00026961477393196105,6.35,18,0.4735
oxide_etch,0,57,0.414643,0.04955,0.07119,0.042566,0.180301,6.95,0.0002630839890607357,6.63,18,0.3867
oxide_etch,0,58,0.478193,0.053212,0.072589,0.043142,0.147767,6.75,0.00025654423707696807,6.36,18,0.5269
oxide_etch,0,59,0.417646,0.04973,0.078593,0.043489,0.000961,6.35,0.00024999999999999984,6.48,18,0.4818
oxide_etch,0,60,0.42021,0.049882,0.07732,0.042974,0.033068,6.3,0.00024345576292303153,6.43,18,0.6041
oxide_etch,0,61,0.423615,0.050084,0.07453,0.042387,0.101588,6.32,0.00023691601093926386,6.42,18,0.5841
oxide_etch,0,62,0.388518,0.047964,0.073605,0.042621,0.123754,6.45,0.00023038522606803858,6.47,18,0.4993
oxide_etch,0,63,0.399603,0.048643,0.073279,0.042699,0.13148,6.51,0.00022386788418308646,6.53,18,0.696
oxide_etch,0,64,0.412416,0.049417,0.072909,0.042699,0.140248,6.54,0.00021736845194498695,6.51,18,0.5693
oxide_etch,0,65,0.461079,0.052251,0.077736,0.043559,0.022626,6.44,0.00021089138373994208,6.53,18,0.4702
oxide_etch,0,66,0.403441,0.048876,0.088146,0.049434,-0.256665,7.1,0.000204441118626963,6.63,18,0.4276
oxide_etch,0,67,0.38735,0.047892,0.088773,0.050214,-0.274601,7.21,0.00019802207729555996,6.49,18,0.4897
oxide_etch,0,68,0.482828,0.05347,0.075079,0.044271,0.088286,7.02,0.00019163865903602348,6.47,18,0.3484
oxide_etch,0,69,0.351793,0.045641,0.06994,0.041765,0.208835,6.95,0.00018529523872436965,6.42,18,0.5249
oxide_etch,0,70,0.38245,0.047588,0.069826,0.041704,0.211411,6.95,0.00017899616382401916,6.37,18,0.5438
oxide_etch,0,71,0.347167,0.04534,0.070218,0.042056,0.20253,6.99,0.000172745751406263,6.42,18,0.4137
oxide_etch,0,72,0.406868,0.049084,0.072872,0.04351,0.141115,7.06,0.00016654828519155714,6.43,18,0.5778
oxide_etch,0,73,0.371887,0.046926,0.083921,0.046189,-0.139092,6.7,0.0001604080126136748,6.6,18,0.6027
oxide_etch,0,74,0.396421,0.048449,0.089616,0.049832,-0.298935,7.16,0.00015432914190872742,6.48,18,0.4927
oxide_etch,0,75,0.339811,0.044857,0.082128,0.045603,-0.09093,6.64,0.00014831583923104983,6.49,18,0.6221
oxide_etch,0,76,0.317773,0.043378,0.073494,0.042043,0.126382,6.34,0.00014237222579792616,6.5,18,0.5218
oxide_etch,0,77,0.359303,0.046125,0.075406,0.042616,0.080328,6.34,0.0001365023750651132,6.47,18,0.5276
oxide_etch,0,78,0.42274,0.050032,0.076217,0.043019,0.060455,6.37,0.00013071030993509777,6.45,18,0.491
oxide_etch,0,79,0.31951,0.043496,0.072922,0.041973,0.139924,6.31,0.00012499999999999995,6.67,18,0.4711
oxide_etch,0,80,0.293546,0.041692,0.069612,0.04127,0.216229,6.41,0.0001193753588210127,6.63,18,0.4054
oxide_etch,0,81,0.369248,0.046759,0.069422,0.040664,0.2205,6.23,0.00011384024124624322,6.44,18,0.4079
oxide_etch,0,82,0.375067,0.047126,0.068542,0.040336,0.240149,6.25,0.00010839844076879165,6.46,18,0.5787
oxide_etch,0,83,0.345639,0.04524,0.068536,0.040293,0.24027,6.3,0.00010305368692688166,6.47,18,0.6715
oxide_etch,0,84,0.346908,0.045323,0.068343,0.040207,0.244558,6.23,9.780964274781976e-05,6.48,18,0.3349
oxide_etch,0,85,0.284711,0.041059,0.068453,0.040288,0.242125,6.27,9.266990223754061e-05,6.51,18,0.5479
oxide_etch,0,86,0.317118,0.043333,0.067943,0.039788,0.253374,6.12,8.763798791745405e-05,6.43,18,0.682
oxide_etch,0,87,0.332808,0.044392,0.06757,0.039519,0.261552,6.06,8.271734841028546e-05,6.47,18,0.5917
oxide_etch,0,88,0.309847,0.042833,0.067666,0.039718,0.259436,6.07,7.79113560765614e-05,6.64,18,0.6221
oxide_etch,0,89,0.296716,0.041916,0.070894,0.040851,0.187114,6.07,7.322330470336307e-05,6.64,18,0.4016
oxide_etch,0,90,0.312876,0.043042,0.070508,0.040735,0.195935,6.07,6.865640724692804e-05,6.57,18,0.6436
oxide_etch,0,91,0.333022,0.044407,0.070748,0.041056,0.190455,6.11,6.421379363065142e-05,6.62,18,0.451
oxide_etch,0,92,0.341164,0.044946,0.077189,0.044049,0.036321,6.43,5.989850859999223e-05,6.36,18,0.5002
oxide_etch,0,93,0.305526,0.042534,0.068737,0.039976,0.23582,5.99,5.571350963575724e-05,6.45,18,0.4532
oxide_etch,0,94,0.305148,0.042507,0.067773,0.039983,0.257108,6.16,5.166166492719115e-05,6.36,18,0.3001
oxide_etch,0,95,0.295962,0.041863,0.067861,0.040173,0.255181,6.27,4.7745751406263136e-05,6.32,18,0.5001
oxide_etch,0,96,0.311769,0.042966,0.068737,0.040727,0.235816,6.45,4.3968452844496104e-05,6.48,18,0.5748
oxide_etch,0,97,0.299049,0.042081,0.066698,0.03955,0.28048,6.18,4.033235801364399e-05,6.9,18,0.7668
oxide_etch,0,98,0.303992,0.042427,0.06608,0.039206,0.293756,6.05,3.683995891147693e-05,6.86,18,0.4379
oxide_etch,0,99,0.2686,0.039881,0.066223,0.039469,0.290686,6.16,3.3493649053890304e-05,6.78,18,0.4146
oxide_etch,0,100,0.290738,0.041492,0.066506,0.039709,0.284626,6.23,3.0295721834508663e-05,6.75,18,0.4175
oxide_etch,0,101,0.294561,0.041764,0.065769,0.039074,0.300378,6.07,2.7248368952908038e-05,6.71,18,0.7211
oxide_etch,0,102,0.302467,0.04232,0.067759,0.040239,0.257408,6.37,2.4353678912534886e-05,6.84,18,0.5424
oxide_etch,0,103,0.307523,0.042673,0.067095,0.039877,0.271896,6.31,2.1613635589349744e-05,7.14,18,0.6772
oxide_etch,0,104,0.378062,0.047314,0.066964,0.039718,0.274728,6.26,1.9030116872178306e-05,6.85,18,0.4853
oxide_etch,0,105,0.309193,0.042788,0.065895,0.039031,0.297708,6.03,1.6604893375699555e-05,6.78,18,0.3972
oxide_etch,0,106,0.315643,0.043232,0.066669,0.039544,0.281107,6.23,1.4339627226955412e-05,6.97,18,0.6024
oxide_etch,0,107,0.289284,0.041388,0.065853,0.039088,0.298588,6.07,1.223587092621161e-05,6.76,18,0.6797
oxide_etch,0,108,0.274953,0.04035,0.066031,0.03935,0.294799,6.15,1.0295066282951759e-05,6.8,18,0.597
oxide_etch,0,109,0.293017,0.041654,0.066251,0.039425,0.290094,6.18,8.518543427732916e-06,6.74,17,0.6085
oxide_etch,0,110,0.278252,0.040591,0.066205,0.03953,0.291083,6.19,6.907519900580856e-06,6.76,18,0.4891
oxide_etch,0,111,0.330533,0.04424,0.06689,0.039856,0.276328,6.29,5.463099816548574e-06,6.79,18,0.4327
oxide_etch,0,112,0.311194,0.042926,0.065997,0.039474,0.295522,6.18,4.18627310901137e-06,6.75,18,0.4786
oxide_etch,0,113,0.321181,0.04361,0.066333,0.039628,0.288343,6.25,3.077914851215583e-06,6.84,18,0.4424
oxide_etch,0,114,0.27853,0.040611,0.066016,0.039491,0.295112,6.22,2.138784656547403e-06,6.71,18,0.4769
oxide_etch,0,115,0.280918,0.040785,0.068439,0.04042,0.242419,6.49,1.3695261579316489e-06,6.66,18,0.3674
oxide_etch,0,116,0.273708,0.040258,0.067429,0.040039,0.264632,6.4,7.706665667180085e-07,6.66,18,0.6461
oxide_etch,0,117,0.291169,0.041522,0.067019,0.03985,0.273532,6.33,3.4261631135654146e-07,7.4,18,0.3151
oxide_etch,0,118,0.321974,0.043664,0.067921,0.040233,0.25386,6.47,8.566875611068497e-08,5.98,18,0.4419
oxide_etch,0,119,0.300944,0.042214,0.068325,0.040412,0.24495,6.5,0.0,5.84,18,0.6384
oxide_etch,1,0,0.923332,0.074352,0.074696,0.05687,0.058694,9.05,0.0004999143312438893,55.87,18,0.3093
oxide_etch,1,1,0.8537,0.071494,0.067368,0.052048,0.23433,8.23,0.0004996573836886434,6.67,18,0.743
oxide_etch,1,2,0.746924,0.066873,0.064137,0.050523,0.306028,7.87,0.000499229333433282,5.81,18,0.389
oxide_etch,1,3,0.77836,0.068266,0.064573,0.050842,0.296544,7.73,0.0004986304738420682,6.07,18,0.6956
oxide_etch,1,4,0.651699,0.062465,0.061746,0.048784,0.3568,7.46,0.0004978612153434525,5.72,18,0.528
oxide_etch,1,5,0.619831,0.060919,0.059504,0.046374,0.40266,6.98,0.0004969220851487844,5.61,18,0.4101
oxide_etch,1,6,0.573372,0.058591,0.056749,0.042779,0.456692,6.43,0.0004958137268909886,5.52,18,0.4719
oxide_etch,1,7,0.591322,0.059501,0.055682,0.040211,0.476938,6.02,0.0004945369001834513,5.63,18,0.5438
oxide_etch,1,8,0.533624,0.056524,0.054929,0.038627,0.490975,5.71,0.000493092480099419,5.69,18,0.5396
oxide_etch,1,9,0.475586,0.053362,0.052699,0.036584,0.531476,5.43,0.0004914814565722669,6.37,18,0.4125
oxide_etch,1,10,0.45538,0.052216,0.051732,0.035202,0.548504,5.21,0.0004897049337170481,7.01,18,0.5375
oxide_etch,1,11,0.533532,0.056519,0.052638,0.03563,0.532547,5.24,0.00048776412907378824,6.4,18,0.4657
oxide_etch,1,12,0.468259,0.052949,0.051107,0.034572,0.559348,5.15,0.0004856603727730445,5.69,18,0.6735
oxide_etch,1,13,0.434148,0.050984,0.051759,0.034619,0.548042,5.13,0.0004833951066243003,5.51,18,0.4419
oxide_etch,1,14,0.419381,0.050109,0.050027,0.033012,0.577782,4.88,0.00048096988312782156,5.7,18,0.5831
oxide_etch,1,15,0.421161,0.050216,0.050536,0.03329,0.56914,4.91,0.00047838636441065006,5.61,18,0.3503
oxide_etch,1,16,0.426358,0.050524,0.049353,0.032095,0.589079,4.74,0.0004756463210874651,5.64,18,0.6332
oxide_etch,1,17,0.450176,0.051917,0.048766,0.031305,0.598789,4.62,0.00047275163104709185,5.55,18,0.4881
oxide_etch,1,18,0.410256,0.049561,0.048677,0.031132,0.60026,4.59,0.0004697042781654912,5.53,18,0.5473
oxide_etch,1,19,0.372497,0.047225,0.048071,0.030537,0.610157,4.5,0.0004665063509461096,5.61,18,0.4432
oxide_etch,1,20,0.345619,0.04549,0.047693,0.030261,0.616253,4.48,0.00046316004108852294,5.92,18,0.5238
oxide_etch,1,21,0.427221,0.050576,0.047496,0.02988,0.619416,4.4,0.0004596676419863559,5.65,18,0.3217
oxide_etch,1,22,0.38097,0.047759,0.046911,0.0293,0.628735,4.33,0.0004560315471555038,5.44,18,0.4257
oxide_etch,1,23,0.395447,0.048658,0.046418,0.028854,0.636507,4.25,0.00045225424859373677,5.54,18,0.4025
oxide_etch,1,24,0.368798,0.04699,0.046332,0.028673,0.63784,4.21,0.0004483383350728087,5.52,18,0.5162
oxide_etch,1,25,0.311656,0.043197,0.046353,0.028979,0.63751,4.26,0.00044428649036424265,5.47,18,0.59
oxide_etch,1,26,0.356948,0.046229,0.045942,0.028343,0.643917,4.17,0.0004401014914000077,5.53,18,0.4674
oxide_etch,1,27,0.322247,0.043925,0.045544,0.02801,0.650059,4.12,0.0004357862063693485,5.45,18,0.6474
oxide_etch,1,28,0.359796,0.046413,0.045384,0.027937,0.652519,4.11,0.0004313435927530718,5.45,18,0.4993
oxide_etch,1,29,0.309863,0.043072,0.045118,0.027904,0.656573,4.12,0.00042677669529663686,5.39,18,0.4432
oxide_etch,1,30,0.329249,0.044399,0.04467,0.02738,0.663364,4.04,0.0004220886439234384,6.32,18,0.5551
oxide_etch,1,31,0.299657,0.042357,0.044606,0.027358,0.664325,4.02,0.00041728265158971447,6.18,18,0.4307
oxide_etch,1,32,0.315436,0.043458,0.044046,0.026805,0.672708,3.95,0.00041236201208254584,7.05,18,0.5041
oxide_etch,1,33,0.312283,0.04324,0.043526,0.026205,0.680382,3.87,0.0004073300977624593,7.1,18,0.4047
oxide_etch,1,34,0.309747,0.043064,0.04318,0.02586,0.68544,3.82,0.00040219035725218007,7.31,18,0.5269
oxide_etch,1,35,0.306024,0.042805,0.043037,0.025872,0.687519,3.82,0.0003969463130731182,7.11,18,0.3999
oxide_etch,1,36,0.291402,0.04177,0.042692,0.02546,0.692518,3.76,0.0003916015592312081,6.12,18,0.4343
oxide_etch,1,37,0.292531,0.04185,0.04248,0.025671,0.69556,3.8,0.00038615975875375667,7.46,18,0.5972
oxide_etch,1,38,0.296323,0.042121,0.042171,0.025429,0.699976,3.76,0.0003806246411789871,7.51,18,0.6808
oxide_etch,1,39,0.310723,0.043132,0.042236,0.025608,0.699047,3.77,0.0003749999999999999,6.77,18,0.4628
oxide_etch,1,40,0.272928,0.040424,0.041796,0.025217,0.705287,3.72,0.00036928969006490205,6.47,18,0.4092
oxide_etch,1,41,0.280646,0.040992,0.041484,0.024733,0.709665,3.66,0.0003634976249348866,5.84,18,0.5527
oxide_etch,1,42,0.252712,0.038898,0.041181,0.024432,0.713892,3.62,0.0003576277742020737,5.54,18,0.6332
oxide_etch,1,43,0.27161,0.040326,0.041059,0.024079,0.715587,3.58,0.00035168416076894997,5.55,18,0.5957
oxide_etch,1,44,0.266792,0.039967,0.040639,0.024158,0.72138,3.59,0.0003456708580912723,5.53,18,0.5955
oxide_etch,1,45,0.248453,0.038569,0.040643,0.0241,0.721323,3.57,0.000339591987386325,5.43,18,0.4915
oxide_etch,1,46,0.260882,0.039522,0.040514,0.02375,0.723082,3.52,0.0003334517148084426,5.54,18,0.6193
oxide_etch,1,47,0.248979,0.03861,0.040327,0.023641,0.725641,3.5,0.00032725424859373676,5.78,18,0.5476
oxide_etch,1,48,0.255747,0.039131,0.04013,0.023627,0.728312,3.51,0.0003210038361759806,5.64,18,0.4075
oxide_etch,1,49,0.239113,0.037837,0.039838,0.023124,0.732247,3.44,0.00031470476127563006,5.59,18,0.4879
oxide_etch,1,50,0.26221,0.039622,0.039782,0.023073,0.733003,3.44,0.00030836134096397623,5.62,18,0.5259
oxide_etch,1,51,0.245013,0.038301,0.040106,0.02342,0.728642,3.47,0.00030197792270443964,5.61,18,0.4649
oxide_etch,1,52,0.255975,0.039148,0.039627,0.022851,0.735085,3.39,0.0002955588813730367,5.57,18,0.6826
oxide_etch,1,53,0.270688,0.040258,0.039845,0.022998,0.732152,3.41,0.0002891086162600575,5.71,18,0.5649
oxide_etch,1,54,0.255231,0.039091,0.039809,0.022934,0.732646,3.39,0.0002826315480550127,5.71,18,0.6357
oxide_etch,1,55,0.271424,0.040312,0.039438,0.022381,0.737598,3.32,0.0002761321158169132,5.62,18,0.44
oxide_etch,1,56,0.23304,0.037353,0.039318,0.022581,0.739196,3.34,0.00026961477393196105,5.81,18,0.4869
oxide_etch,1,57,0.320185,0.043784,0.039796,0.022539,0.73282,3.35,0.0002630839890607357,5.79,18,0.5495
oxide_etch,1,58,0.250165,0.038702,0.040211,0.022681,0.727211,3.38,0.00025654423707696807,6.14,18,0.5545
oxide_etch,1,59,0.269951,0.040203,0.040344,0.022736,0.725413,3.4,0.00024999999999999984,5.63,18,0.5096
oxide_etch,1,60,0.235204,0.037526,0.040277,0.02266,0.726324,3.39,0.00024345576292303153,5.89,18,0.5463
oxide_etch,1,61,0.256686,0.039203,0.040433,0.022713,0.724196,3.39,0.00023691601093926386,5.55,18,0.5346
oxide_etch,1,62,0.241515,0.038027,0.040583,0.022873,0.722138,3.42,0.00023038522606803858,5.6,18,0.5024
oxide_etch,1,63,0.242913,0.038136,0.040558,0.022608,0.722482,3.38,0.00022386788418308646,5.67,18,0.5561
oxide_etch,1,64,0.248304,0.038557,0.040234,0.022257,0.726901,3.32,0.00021736845194498695,5.63,18,0.4658
oxide_etch,1,65,0.243681,0.038197,0.040269,0.022429,0.726426,3.34,0.00021089138373994208,5.63,18,0.3637
oxide_etch,1,66,0.217525,0.036089,0.040311,0.022685,0.72585,3.37,0.000204441118626963,5.74,18,0.6554
oxide_etch,1,67,0.216097,0.03597,0.040379,0.022692,0.724926,3.38,0.00019802207729555996,5.65,18,0.2639
oxide_etch,1,68,0.239382,0.037858,0.040209,0.02255,0.727238,3.36,0.00019163865903602348,5.91,18,0.5579
oxide_etch,1,69,0.237052,0.037674,0.040239,0.022564,0.726832,3.37,0.00018529523872436965,6.33,18,0.4737
oxide_etch,1,70,0.225079,0.03671,0.040263,0.022818,0.726515,3.4,0.00017899616382401916,5.96,18,0.536
oxide_etch,1,71,0.233122,0.03736,0.040572,0.023142,0.722291,3.42,0.000172745751406263,5.67,18,0.5826
oxide_etch,1,72,0.21137,0.035574,0.040085,0.022218,0.728919,3.3,0.00016654828519155714,5.9,18,0.4258
oxide_etch,1,73,0.266857,0.039972,0.04023,0.022626,0.726953,3.36,0.0001604080126136748,5.94,18,0.4049
oxide_etch,1,74,0.212137,0.035639,0.040131,0.022583,0.728304,3.35,0.00015432914190872742,6.73,18,0.3313
oxide_etch,1,75,0.220483,0.036333,0.040053,0.022562,0.72936,3.35,0.00014831583923104983,6.6,18,0.4863
oxide_etch,1,76,0.227259,0.036887,0.039949,0.022459,0.730762,3.33,0.00014237222579792616,5.66,18,0.3556
oxide_etch,1,77,0.219857,0.036281,0.040083,0.022535,0.728952,3.34,0.0001365023750651132,5.6,18,0.395
oxide_etch,1,78,0.229905,0.037101,0.03977,0.022311,0.733161,3.31,0.00013071030993509777,5.6,18,0.5183
oxide_etch,1,79,0.225845,0.036772,0.039583,0.02205,0.735674,3.29,0.00012499999999999995,5.5,18,0.518
oxide_etch,1,80,0.23766,0.037722,0.039452,0.021607,0.737417,3.23,0.0001193753588210127,5.43,18,0.5268
oxide_etch,1,81,0.211252,0.035564,0.040048,0.022473,0.729418,3.37,0.00011384024124624322,5.47,18,0.5868
oxide_etch,1,82,0.218317,0.036154,0.040113,0.022626,0.728547,3.39,0.00010839844076879165,5.75,18,0.651
oxide_etch,1,83,0.226259,0.036806,0.039653,0.022289,0.734738,3.32,0.00010305368692688166,5.76,18,0.4922
oxide_etch,1,84,0.195986,0.034255,0.039717,0.022627,0.733876,3.34,9.780964274781976e-05,5.52,18,0.3686
oxide_etch,1,85,0.207818,0.035274,0.039387,0.022145,0.738281,3.28,9.266990223754061e-05,5.65,18,0.4118
oxide_etch,1,86,0.197019,0.034345,0.039343,0.022041,0.738862,3.26,8.763798791745405e-05,6.06,18,0.5366
oxide_etch,1,87,0.207135,0.035216,0.03925,0.021764,0.740092,3.23,8.271734841028546e-05,5.64,18,0.6465
oxide_etch,1,88,0.209201,0.035391,0.039196,0.021727,0.740815,3.23,7.79113560765614e-05,5.66,18,0.581
oxide_etch,1,89,0.194821,0.034153,0.039521,0.022114,0.736499,3.27,7.322330470336307e-05,5.6,18,0.6227
oxide_etch,1,90,0.211665,0.035599,0.039305,0.021973,0.739375,3.26,6.865640724692804e-05,5.56,18,0.5684
oxide_etch,1,91,0.21246,0.035666,0.03916,0.02184,0.741289,3.23,6.421379363065142e-05,5.49,18,0.5025
oxide_etch,1,92,0.210241,0.035479,0.038979,0.021994,0.743669,3.26,5.989850859999223e-05,5.64,18,0.2769
oxide_etch,1,93,0.215605,0.035929,0.038764,0.021451,0.746496,3.19,5.571350963575724e-05,5.44,18,0.6229
oxide_etch,1,94,0.186629,0.033428,0.038801,0.021544,0.746005,3.2,5.166166492719115e-05,5.55,18,0.4799
oxide_etch,1,95,0.183405,0.033137,0.038638,0.021425,0.748142,3.18,4.7745751406263136e-05,5.47,18,0.6543
oxide_etch,1,96,0.205345,0.035064,0.038723,0.021348,0.74703,3.17,4.3968452844496104e-05,5.42,18,0.3471
oxide_etch,1,97,0.2058,0.035102,0.038443,0.02153,0.75067,3.19,4.033235801364399e-05,5.9,18,0.4904
oxide_etch,1,98,0.197815,0.034415,0.038132,0.021203,0.754697,3.15,3.683995891147693e-05,5.94,18,0.4461
oxide_etch,1,99,0.181883,0.033,0.038076,0.02108,0.755411,3.12,3.3493649053890304e-05,5.55,18,0.498
oxide_etch,1,100,0.179717,0.032803,0.038341,0.021042,0.751995,3.12,3.0295721834508663e-05,5.57,18,0.5289
oxide_etch,1,101,0.208909,0.035367,0.037756,0.020894,0.759504,3.07,2.7248368952908038e-05,5.5,18,0.4694
oxide_etch,1,102,0.194381,0.034115,0.037431,0.020773,0.763633,3.07,2.4353678912534886e-05,6.06,18,0.6555
oxide_etch,1,103,0.20004,0.034608,0.037594,0.020668,0.761571,3.05,2.1613635589349744e-05,5.79,18,0.4318
oxide_etch,1,104,0.178394,0.032682,0.037354,0.020604,0.764607,3.04,1.9030116872178306e-05,5.77,18,0.4169
oxide_etch,1,105,0.200966,0.034688,0.037255,0.020584,0.765843,3.04,1.6604893375699555e-05,5.68,18,0.4246
oxide_etch,1,106,0.189493,0.033683,0.037395,0.020626,0.764078,3.04,1.4339627226955412e-05,5.83,18,0.5888
oxide_etch,1,107,0.211346,0.035572,0.037683,0.020787,0.760441,3.06,1.223587092621161e-05,5.57,18,0.4933
oxide_etch,1,108,0.204772,0.035015,0.037718,0.020864,0.759987,3.07,1.0295066282951759e-05,5.41,18,0.4033
oxide_etch,1,109,0.197489,0.034386,0.037534,0.020766,0.762329,3.06,8.518543427732916e-06,5.49,18,0.3131
oxide_etch,1,110,0.183506,0.033147,0.03761,0.020707,0.761364,3.05,6.907519900580856e-06,5.55,18,0.4253
oxide_etch,1,111,0.195479,0.034211,0.03758,0.020685,0.761749,3.05,5.463099816548574e-06,5.55,18,0.3711
oxide_etch,1,112,0.205023,0.035036,0.037521,0.020664,0.762496,3.05,4.18627310901137e-06,5.46,18,0.5048
oxide_etch,1,113,0.191165,0.033831,0.037814,0.020734,0.758763,3.05,3.077914851215583e-06,5.73,18,0.4036
oxide_etch,1,114,0.188578,0.033602,0.037717,0.020779,0.760007,3.05,2.138784656547403e-06,5.46,18,0.6256
oxide_etch,1,115,0.180349,0.03286,0.037994,0.020921,0.756465,3.07,1.3695261579316489e-06,5.56,18,0.4878
oxide_etch,1,116,0.200359,0.034635,0.037582,0.020672,0.761724,3.05,7.706665667180085e-07,5.52,18,0.4777
oxide_etch,1,117,0.196139,0.034269,0.037556,0.020545,0.762044,3.02,3.4261631135654146e-07,5.53,18,0.4761
oxide_etch,1,118,0.20567,0.035091,0.037269,0.020365,0.765674,2.99,8.566875611068497e-08,6.58,18,0.5556
oxide_etch,1,119,0.18722,0.03348,0.037682,0.020703,0.76045,3.04,0.0,6.66,18,0.5395
