day,wafer_num,process_group,n_cycles,duration_s,iv_median,iv_std,iv_min,iv_max,anomalous
2024_07_02,1,Day_2024_07_02_Wafer_01,101,691.4800000190735,6.0,0.5964025449482332,4.599999904632568,11.799999952316284,True
2024_07_02,2,Day_2024_07_02_Wafer_02,101,701.9699997901917,6.0,1.0498971453998398,5.799999952316284,15.0,True
2024_07_02,3,Day_2024_07_02_Wafer_03,101,691.4400000572205,6.0,0.5964025391437004,4.6000001430511475,11.799999952316284,True
2024_07_02,4,Day_2024_07_02_Wafer_04,101,691.5,6.0,0.5964025407427447,4.6000001430511475,11.799999952316284,True
2024_07_02,5,Day_2024_07_02_Wafer_05,101,701.9900000095367,6.0,1.060407465576145,5.800000190734863,15.0,True
2024_07_02,6,Day_2024_07_02_Wafer_06,101,691.4000000953674,6.0,0.5957314749305525,4.6000001430511475,11.799999952316284,True
2024_07_02,7,Day_2024_07_02_Wafer_07,101,691.7699999809265,6.0,0.5957314807416236,4.599999904632568,11.799999952316284,True
2024_07_02,8,Day_2024_07_02_Wafer_08,101,701.710000038147,6.0,1.0687768806851625,5.799999952316284,15.200000047683716,True
2024_07_02,9,Day_2024_07_02_Wafer_09,101,691.4399998188019,6.0,0.579223631474745,4.599999904632568,11.600000143051147,True
2024_07_02,10,Day_2024_07_02_Wafer_10,101,694.2000000476837,6.0,0.5964025391437004,4.6000001430511475,11.799999952316284,True
2024_07_05,1,Day_2024_07_05_Wafer_01,101,690.9500000476837,6.0,0.6200774182191021,4.3999998569488525,12.0,True
2024_07_05,2,Day_2024_07_05_Wafer_02,101,691.4500000476837,6.0,0.597072852326976,4.6000001430511475,11.799999952316284,True
2024_07_05,3,Day_2024_07_05_Wafer_03,101,691.710000038147,6.0,0.5970728587159737,4.599999904632568,11.799999952316284,True
2024_07_05,4,Day_2024_07_05_Wafer_04,101,701.960000038147,6.0,1.060422644479614,5.799999952316284,15.0,True
2024_07_05,5,Day_2024_07_05_Wafer_05,101,691.7200000286102,6.0,0.595731503745779,4.599999904632568,11.800000190734863,True
2024_07_05,6,Day_2024_07_05_Wafer_06,101,691.4399998188019,6.0,0.5964025695255486,4.599999904632568,11.800000190734863,True
2024_07_05,7,Day_2024_07_05_Wafer_07,101,691.4800000190735,6.0,0.5764546687491405,4.6000001430511475,11.599999904632568,True
2024_07_05,8,Day_2024_07_05_Wafer_08,101,701.960000038147,6.0,1.0609409889141181,5.800000190734863,15.0,True
2024_07_05,9,Day_2024_07_05_Wafer_09,101,691.4800000190735,6.0,0.602245790345716,4.400000095367432,11.799999952316284,True
2024_07_05,10,Day_2024_07_05_Wafer_10,101,649.0,6.0,0.5984112293216134,4.599999904632568,11.799999952316284,True
2024_07_09,1,Day_2024_07_09_Wafer_01,101,691.7200000286102,6.0,0.5830017229289204,4.599999904632568,11.610000133514404,True
2024_07_09,2,Day_2024_07_09_Wafer_02,101,701.710000038147,6.0,1.0607846131747243,5.799999952316284,15.0,True
2024_07_09,3,Day_2024_07_09_Wafer_03,101,691.7200000286102,6.0,0.5974366739928905,4.6000001430511475,11.809999942779541,True
2024_07_09,4,Day_2024_07_09_Wafer_04,101,691.4700000286102,6.0,0.5957314813339358,4.599999904632568,11.799999952316284,True
2024_07_09,5,Day_2024_07_09_Wafer_05,100,681.1800000667572,6.0,0.03944001205758242,5.990000009536743,6.200000047683716,False
2024_07_09,6,Day_2024_07_09_Wafer_06,101,691.5099999904633,6.0,0.5778408251968894,4.599999904632568,11.600000143051147,True
2024_07_09,7,Day_2024_07_09_Wafer_07,101,691.6499998569489,6.0,0.6226523949279538,4.3999998569488525,12.0,True
2024_07_09,8,Day_2024_07_09_Wafer_08,101,691.420000076294,6.0,0.5970728507297272,4.6000001430511475,11.799999952316284,True
2024_07_09,9,Day_2024_07_09_Wafer_09,101,691.2400000095367,6.0,0.5967746633907373,4.609999895095825,11.799999952316284,True
2024_07_09,10,Day_2024_07_09_Wafer_10,102,669.6099998950958,6.0,1.1968325102592066,4.6000001430511475,15.0,True
2024_07_11,1,Day_2024_07_11_Wafer_01,101,690.7400000095367,6.0,0.5785326212898325,4.599999904632568,11.599999904632568,True
2024_07_11,2,Day_2024_07_11_Wafer_02,101,690.670000076294,6.0,0.5978478076739889,4.609999895095825,11.789999961853027,True
2024_07_11,3,Day_2024_07_11_Wafer_03,100,680.1299998760223,6.0,0.06639062885968486,5.799999952316284,6.200000047683716,False
2024_07_11,4,Day_2024_07_11_Wafer_04,101,690.75,6.0,0.5990792870148995,4.6000001430511475,11.799999952316284,True
2024_07_11,5,Day_2024_07_11_Wafer_05,100,680.1800000667572,6.0,0.06639062182468625,5.799999952316284,6.200000047683716,False
2024_07_11,6,Day_2024_07_11_Wafer_06,101,690.420000076294,6.0,0.5977424164166943,4.599999904632568,11.799999952316284,True
2024_07_11,7,Day_2024_07_11_Wafer_07,101,701.0,6.0,1.052940652203695,5.799999952316284,15.0,True
2024_07_11,8,Day_2024_07_11_Wafer_08,101,700.7699999809265,6.0,1.0506588479493826,5.799999952316284,15.0,True
2024_07_11,9,Day_2024_07_11_Wafer_09,102,711.4700000286102,6.0,1.2057064996503342,4.609999895095825,15.0,True
2024_07_11,10,Day_2024_07_11_Wafer_10,100,638.5999999046326,6.0,0.0799959377522035,5.799999952316284,6.200000047683716,False
2024_07_19,1,Day_2024_07_19_Wafer_01,100,680.1099998950958,6.0,0.07477478143776198,5.799999952316284,6.200000047683716,False
2024_07_19,2,Day_2024_07_19_Wafer_02,102,711.5300002098083,6.0,1.2185025820058215,4.400000095367432,15.0,True
2024_07_19,3,Day_2024_07_19_Wafer_03,101,690.4299998283386,6.0,0.5970728794802178,4.599999904632568,11.800000190734863,True
2024_07_19,4,Day_2024_07_19_Wafer_04,101,700.789999961853,6.0,1.0630446828976983,5.799999952316284,15.0,True
2024_07_19,5,Day_2024_07_19_Wafer_05,101,690.4100000858307,6.0,0.6004131811718073,4.6000001430511475,11.799999952316284,True
2024_07_19,6,Day_2024_07_19_Wafer_06,101,690.7200000286102,6.0,0.5990792838311007,4.6000001430511475,11.799999952316284,True
2024_07_19,7,Day_2024_07_19_Wafer_07,101,690.4500000476837,6.0,0.5550639476054966,4.799999952316284,11.399999856948853,True
2024_07_19,8,Day_2024_07_19_Wafer_08,101,690.710000038147,6.0,0.5992616988960284,4.599999904632568,11.809999942779541,True
2024_07_19,9,Day_2024_07_19_Wafer_09,100,679.9599997997284,6.0,0.06304844547364341,5.799999952316284,6.200000047683716,False
2024_07_19,10,Day_2024_07_19_Wafer_10,101,648.8000001907349,6.0,0.5792236339444495,4.599999904632568,11.600000143051147,True
2024_08_01,1,Day_2024_08_01_Wafer_01,101,701.0199999809265,6.0,1.0604074664754919,5.799999952316284,15.0,True
2024_08_01,2,Day_2024_08_01_Wafer_02,101,690.6800000667572,6.0,0.600413183554352,4.6000001430511475,11.799999952316284,True
2024_08_01,3,Day_2024_08_01_Wafer_03,101,690.420000076294,6.0,0.5984112293216134,4.599999904632568,11.799999952316284,True
2024_08_01,4,Day_2024_08_01_Wafer_04,101,690.4900000095367,6.0,0.597742437747999,4.599999904632568,11.800000190734863,True
2024_08_01,5,Day_2024_08_01_Wafer_05,101,689.9099998474121,6.0,0.598411251633094,4.599999904632568,11.800000190734863,True
2024_08_01,6,Day_2024_08_01_Wafer_06,101,700.5299999713898,6.0,1.060030185789683,6.0,15.0,True
2024_08_01,7,Day_2024_08_01_Wafer_07,101,700.9900000095367,6.0,1.061161625733667,5.799999952316284,15.0,True
2024_08_01,8,Day_2024_08_01_Wafer_08,101,690.1600000858307,6.0,0.597742410625173,4.6000001430511475,11.799999952316284,True
2024_08_01,9,Day_2024_08_01_Wafer_09,101,689.9700000286102,6.0,0.5997466053296193,4.6000001430511475,11.799999952316284,True
2024_08_01,10,Day_2024_08_01_Wafer_10,101,648.7999999523163,6.0,0.5799137788022702,4.599999904632568,11.599999904632568,True
2024_08_05,1,Day_2024_08_05_Wafer_01,101,690.4300000667572,6.0,0.6029096038903825,4.400000095367432,11.799999952316284,True
2024_08_05,2,Day_2024_08_05_Wafer_02,101,690.460000038147,6.0,0.5803783289355747,4.599999904632568,11.610000133514404,True
2024_08_05,3,Day_2024_08_05_Wafer_03,101,701.0,6.0,1.0518003688527273,5.799999952316284,15.0,True
2024_08_05,4,Day_2024_08_05_Wafer_04,101,690.4299998283386,6.0,0.599079310893401,4.599999904632568,11.800000190734863,True
2024_08_05,5,Day_2024_08_05_Wafer_05,101,690.7200000286102,6.0,0.5729746793841188,4.800000190734863,11.599999904632568,True
2024_08_05,6,Day_2024_08_05_Wafer_06,101,690.2000000476837,6.0,0.5970728523269759,4.6000001430511475,11.799999952316284,True
2024_08_07,1,Day_2024_08_07_Wafer_01,101,701.2999999523163,6.0,1.051039493579162,5.799999952316284,15.0,True
2024_08_07,2,Day_2024_08_07_Wafer_02,101,700.960000038147,6.0,1.0557632278518825,5.799999952316284,14.799999952316284,True
2024_08_07,3,Day_2024_08_07_Wafer_03,101,700.9400000572205,6.0,1.0514228520028657,5.799999952316284,15.0,True
2024_08_07,4,Day_2024_08_07_Wafer_04,101,690.7300000190735,6.0,0.5995348422255291,4.609999895095825,11.800000190734863,True
2024_08_07,5,Day_2024_08_07_Wafer_05,101,690.6799998283386,6.0,0.5792236322979801,4.599999904632568,11.600000143051147,True
2024_08_07,6,Day_2024_08_07_Wafer_06,101,690.7400000095367,6.0,0.6039586002090941,4.4100000858306885,11.799999952316284,True
2024_08_07,7,Day_2024_08_07_Wafer_07,101,690.670000076294,6.0,0.5984112213532287,4.6000001430511475,11.799999952316284,True
2024_08_07,8,Day_2024_08_07_Wafer_08,100,766.7999999523163,6.0,0.09393398060702161,5.799999952316284,6.200000047683716,False
2024_08_07,9,Day_2024_08_07_Wafer_09,101,690.6699998378754,6.0,0.5806031509411168,4.599999904632568,11.600000143051147,True
2024_08_07,10,Day_2024_08_07_Wafer_10,101,649.0,6.0,0.5990792854230002,4.6000001430511475,11.799999952316284,True
2024_08_21,1,Day_2024_08_21_Wafer_01,101,648.7999999523163,6.0,0.6239358887535574,4.400000095367432,12.0,True
2024_08_21,2,Day_2024_08_21_Wafer_02,101,648.7999999523163,6.0,0.5984112255446005,4.599999904632568,11.799999952316284,True
2024_08_21,3,Day_2024_08_21_Wafer_03,101,649.0,6.0,0.5970728786815939,4.799999952316284,11.800000190734863,True
2024_08_21,4,Day_2024_08_21_Wafer_04,101,649.0,6.0,0.5964025391437004,4.6000001430511475,11.799999952316284,True
2024_08_21,5,Day_2024_08_21_Wafer_05,101,649.0,6.0,0.6017441263993855,4.6000001430511475,11.799999952316284,True
2024_08_21,6,Day_2024_08_21_Wafer_06,101,659.4000000953674,6.0,1.0626683365147822,5.799999952316284,15.0,True
2024_08_21,7,Day_2024_08_21_Wafer_07,101,649.0,6.0,0.5819793750149667,4.599999904632568,11.599999904632568,True
2024_08_21,8,Day_2024_08_21_Wafer_08,101,648.7999999523163,6.0,0.600828251743736,4.599999904632568,11.809999942779541,True
2024_08_21,9,Day_2024_08_21_Wafer_09,100,638.3999998569489,6.0,0.08489657449118024,5.799999952316284,6.3999998569488525,False
2024_08_21,10,Day_2024_08_21_Wafer_10,101,648.8000001907349,6.0,0.5994964493621731,4.610000133514404,11.799999952316284,True
2024_08_22,1,Day_2024_08_22_Wafer_01,100,638.5999999046326,6.0,0.07719181080624246,5.799999952316284,6.200000047683716,False
2024_08_22,2,Day_2024_08_22_Wafer_02,101,659.4099998474121,6.0,1.0623998236719423,5.789999961853027,15.0,True
2024_08_22,3,Day_2024_08_22_Wafer_03,101,648.7999999523163,6.0,0.5957314807416236,4.599999904632568,11.799999952316284,True
2024_08_22,4,Day_2024_08_22_Wafer_04,101,649.0,6.0,0.5970728810774667,4.599999904632568,11.800000190734863,True
2024_08_22,5,Day_2024_08_22_Wafer_05,101,659.2000000476837,6.0,1.0619152492984827,5.799999952316284,15.0,True
2024_08_22,6,Day_2024_08_22_Wafer_06,101,659.4000000953674,6.0,1.0518003566121883,5.799999952316284,15.0,True
2024_08_22,7,Day_2024_08_22_Wafer_07,101,659.6000001430511,6.0,1.0603933208798082,5.799999952316284,15.0,True
2024_08_22,8,Day_2024_08_22_Wafer_08,100,638.4000000953674,6.0,0.06304840758519814,5.799999952316284,6.200000047683716,False
2024_08_22,9,Day_2024_08_22_Wafer_09,101,649.0,6.0,0.6017441258129934,4.599999904632568,11.799999952316284,True
2024_08_22,10,Day_2024_08_22_Wafer_10,101,649.0,6.0,0.6010790241513089,4.6000001430511475,11.799999952316284,True
