target,lot,experiment_key,wafer_num,n_points,rmse,mae,r2,mape_pct
oxide_etch,1,2024-07-02_01,1,89,0.017422653368433624,0.016055086355530816,0.9465910317427921,2.6564974037916
oxide_etch,1,2024-07-02_02,2,89,0.016774469357944903,0.015322574068990989,0.9475067935650291,2.6145240076601897
oxide_etch,1,2024-07-02_03,3,89,0.0142122546058667,0.012704772225926432,0.9636860849583867,2.1554721059914015
oxide_etch,1,2024-07-02_04,4,89,0.017555199037440895,0.01406602276844925,0.9444488889705089,2.458514673884342
oxide_etch,1,2024-07-02_05,5,89,0.006248677578599002,0.00497784875751881,0.9927690064653416,0.8849649125291317
oxide_etch,1,2024-07-02_06,6,89,0.006768341856592074,0.005182969771074445,0.9915972865094567,0.9233769278861347
oxide_etch,1,2024-07-02_08,8,89,0.09439946121028588,0.07126926136820504,-0.6932947547929795,13.932938022895481
oxide_etch,1,2024-07-02_09,9,89,0.09296389229048946,0.07045983096187035,-0.631341975685167,13.710686682066939
oxide_etch,1,2024-07-02_10,10,89,0.00941682978182942,0.0076943173837126,0.9830085972090129,1.3012453944965217
oxide_etch,2,2024-07-05_01,1,89,0.011970019234818231,0.0101145345173525,0.9738322972789318,1.7208805096568258
oxide_etch,2,2024-07-05_02,2,89,0.02092687735692923,0.019623575585611754,0.9235823035005674,3.403105618843306
oxide_etch,2,2024-07-05_03,3,89,0.013160455709829886,0.010096298509769225,0.9704842752167642,1.7225420711083097
oxide_etch,2,2024-07-05_04,4,89,0.09823335790624677,0.07357978619886248,-0.6613314071964573,14.304565428985553
oxide_etch,2,2024-07-05_05,5,89,0.01886979368412021,0.015201122908110029,0.9395938456982416,2.8272923792387625
oxide_etch,2,2024-07-05_06,6,89,0.009310872831405036,0.00808682033185209,0.9848428044912583,1.4609604782230083
oxide_etch,2,2024-07-05_07,7,89,0.008654935668769913,0.0072716397515843415,0.9869533689161635,1.3041656646612374
oxide_etch,2,2024-07-05_08,8,89,0.014880260857452119,0.013763578085417156,0.9603091482087737,2.483674037682747
oxide_etch,2,2024-07-05_09,9,89,0.09769242282529085,0.07378651285439394,-0.717502774591013,14.52881343999241
oxide_etch,2,2024-07-05_10,10,89,0.023662483945583467,0.019516490818409442,0.900051325331472,3.6996048378672195
oxide_etch,3,2024-07-09_01,1,89,0.03836478395620831,0.03174642063258739,0.7509501993953889,5.814976129214043
oxide_etch,3,2024-07-09_02,2,89,0.08042770159945824,0.06526951542061367,-0.1663892211766429,11.860078936708746
oxide_etch,3,2024-07-09_03,3,89,0.06142595386117389,0.04388308725999982,0.23755768581443204,5.927146670142758
oxide_etch,3,2024-07-09_04,4,89,0.045723282488256696,0.02591925859451294,0.5797074303506591,3.296483532450604
oxide_etch,3,2024-07-09_05,5,89,0.04144890578118174,0.024103969670413585,0.6427006587229769,3.1272589360091816
oxide_etch,3,2024-07-09_06,6,89,0.04994701546671771,0.02884821945361877,0.4655446394776033,3.7897826321535066
oxide_etch,3,2024-07-09_07,7,89,0.0428740926899748,0.02875033121430472,0.5802781132622834,3.936946292902646
oxide_etch,3,2024-07-09_08,8,89,0.0633045020162847,0.04476608921972553,0.09376251499658872,6.280390254581625
oxide_etch,3,2024-07-09_09,9,89,0.06980480364355997,0.04961853616693047,-0.08894147197183733,6.857264555162673
oxide_etch,3,2024-07-09_10,10,89,0.08028818066218768,0.05432642376824711,-0.30037346916121255,7.240382985415829
oxide_etch,4,2024-07-11_01,1,89,0.08509253497516764,0.06691853584868185,-0.4501754087104368,9.070358075136394
oxide_etch,4,2024-07-11_02,2,89,0.08176461482056313,0.06415045261383057,-0.36909433667387126,8.748926963283928
oxide_etch,4,2024-07-11_03,3,89,0.04379036058657523,0.029677873916840285,0.6218384673813171,4.018187609208737
oxide_etch,4,2024-07-11_04,4,89,0.04466407194949242,0.026755280039283666,0.6118374283986769,3.4829898431719553
oxide_etch,4,2024-07-11_05,5,89,0.04462892303484907,0.02463543816898646,0.5847051922527908,3.1580419312822525
oxide_etch,4,2024-07-11_06,6,89,0.044914501877976874,0.028602784939026564,0.5818485748914932,3.8190032941942467
oxide_etch,4,2024-07-11_07,7,89,0.06448409521714102,0.04616059346145458,0.10045068171140581,6.469002768330748
oxide_etch,4,2024-07-11_08,8,89,0.02887502011395697,0.018405212445205515,0.7406795250832042,2.5868579040760857
oxide_etch,4,2024-07-11_09,9,89,0.05361667495330744,0.03963935576128156,0.13486638092036707,5.822455890633805
oxide_etch,4,2024-07-11_10,10,89,0.025421193026401136,0.017596383443039456,0.8060327107651734,2.4793850595695783
oxide_etch,5,2024-07-19_01,1,89,0.0752251775785126,0.05832848656043578,-0.6519133535570973,8.213297304076018
oxide_etch,5,2024-07-19_02,2,89,0.041266095336672456,0.019761461220430526,0.4584773903083429,3.134342018655581
oxide_etch,5,2024-07-19_03,3,89,0.050524776439009704,0.03831128591901801,0.20739763599101546,5.489643154331983
oxide_etch,5,2024-07-19_04,4,89,0.03207451852747169,0.018282382675770963,0.6813491770291298,2.5141382493277464
oxide_etch,5,2024-07-19_05,5,89,0.03935646449027009,0.022891504041264565,0.5256105883567908,3.123351038350492
oxide_etch,5,2024-07-19_06,6,89,0.037474452621110384,0.02096144402964731,0.5679919321923249,2.86049614800848
oxide_etch,5,2024-07-19_07,7,89,0.05777519671399365,0.0408959308367097,-0.03628935002941036,5.68271975905324
oxide_etch,5,2024-07-19_08,8,89,0.06881658772422634,0.03646956668810898,-0.6631759743087242,6.177427834080156
oxide_etch,5,2024-07-19_09,9,89,0.0546278741705766,0.0414811915226197,-0.07128767867374042,6.7266220708018825
oxide_etch,5,2024-07-19_10,10,89,0.05671673751171702,0.0374324716878741,-0.10672806334217855,6.212447426296323
oxide_etch,6,2024-08-01_01,1,89,0.0745850166904638,0.048516692070478804,-0.6983273853459127,8.19112096336339
oxide_etch,6,2024-08-01_02,2,89,0.05476972072749083,0.04241982470737415,0.06754134516890054,6.823932950496801
oxide_etch,6,2024-08-01_03,3,89,0.0537905286935741,0.04080244865310326,0.10046884051225213,6.646421719537946
oxide_etch,6,2024-08-01_04,4,89,0.07549248262280238,0.0437040382556701,-0.8255775365596074,7.474220177612918
oxide_etch,6,2024-08-01_05,5,89,0.06785284363978074,0.0474411001366176,-0.51491851832505,7.926318973848908
oxide_etch,6,2024-08-01_06,6,89,0.060176748700954276,0.044292567151316097,-0.2431722468905113,7.184544591822083
oxide_etch,6,2024-08-01_07,7,89,0.053449627819795203,0.03743902685936917,0.11041202095712921,5.153769645589983
oxide_etch,6,2024-08-01_08,8,89,0.04164924352137579,0.02590579598137502,0.4709314580572166,3.5408056422994565
oxide_etch,6,2024-08-01_09,9,89,0.052596121034429726,0.03834941146079074,0.15096218697897534,5.585448342463537
oxide_etch,6,2024-08-01_10,10,89,0.05405248665410044,0.041093236274933546,0.09233852089747674,5.806022014850795
oxide_etch,7,2024-08-05_01,1,89,0.04778991553215608,0.035573557521520034,0.2674395475804,5.332214550271018
oxide_etch,7,2024-08-05_02,2,89,0.04765721669783069,0.025721410017335012,0.2779235916847267,4.0511046134810655
oxide_etch,7,2024-08-05_03,3,89,0.03971655461723983,0.02139688877577192,0.5074447284344223,3.2637152735691073
oxide_etch,7,2024-08-05_04,4,89,0.029590131481903276,0.016646337643098294,0.7272073046215966,2.416108620099243
oxide_etch,7,2024-08-05_05,5,89,0.051920429327820844,0.03874581918287813,0.17427464892479072,5.419541542257732
oxide_etch,7,2024-08-05_06,6,89,0.028975684015093872,0.017113101616334378,0.7464835971324504,2.36159204747717
oxide_etch,8,2024-08-07_01,1,89,0.04078093255855329,0.023914787876472044,0.4553915040938318,3.6798326954486074
oxide_etch,8,2024-08-07_02,2,89,0.045044900002613485,0.022412439410606128,0.32926544507564837,3.603393382838184
oxide_etch,8,2024-08-07_03,3,89,0.04064566450124979,0.025126337335350808,0.4550561512424872,3.8186081204217777
oxide_etch,8,2024-08-07_04,4,89,0.056385485289959,0.043591203314534734,0.014285945448584636,6.091346460805197
oxide_etch,8,2024-08-07_05,5,89,0.030253365683861957,0.015829403748673,0.7086063269127922,2.282728922316069
oxide_etch,8,2024-08-07_06,6,89,0.03316716237010105,0.016769103119882306,0.653159219049571,2.241094162613004
oxide_etch,8,2024-08-07_07,7,89,0.039774206806464915,0.023197941565781498,0.5160331359354977,3.1344375225617656
oxide_etch,8,2024-08-07_08,8,89,0.053281770340231425,0.04046019945251808,0.14103376173769167,5.774338183503608
oxide_etch,8,2024-08-07_09,9,89,0.053783706922972456,0.04041788216387288,0.12495964186081998,5.837102514314627
oxide_etch,8,2024-08-07_10,10,89,0.05761408003118028,0.041824107759454277,-0.025657083194897012,5.850160881343918
oxide_etch,9,2024-08-21_01,1,89,0.045515818389358184,0.02610599191001292,0.3775012990193872,4.042777671343582
oxide_etch,9,2024-08-21_02,2,89,0.05831191390663276,0.03516836380690671,-0.024626039309515235,5.503558916400064
oxide_etch,9,2024-08-21_03,3,89,0.04665667205878206,0.027628647477439282,0.32049069898185456,4.299226565054171
oxide_etch,9,2024-08-21_04,4,89,0.05516567104585931,0.04454954085725077,0.033114091976759186,6.4501844398870025
oxide_etch,9,2024-08-21_05,5,89,0.04607555128721809,0.03490996092892765,0.3120182882380921,5.143177100703123
oxide_etch,9,2024-08-21_06,6,89,0.02974860692428429,0.019969810930530678,0.7296895696123731,2.8281316559558274
oxide_etch,9,2024-08-21_07,7,89,0.025056978515828863,0.015385740928435594,0.8075888864746822,2.1866467780681873
oxide_etch,9,2024-08-21_08,8,89,0.051424840507822395,0.038216813226764124,0.18564256340684804,5.537928502251406
oxide_etch,9,2024-08-21_10,10,89,0.056992552851815766,0.04077621591225099,-0.023264247923605152,5.712033724063465
oxide_etch,10,2024-08-22_01,1,89,0.06312918841041666,0.051765338088689224,-0.165053757467031,7.408814545529717
oxide_etch,10,2024-08-22_02,2,89,0.04491913106018556,0.029366292980279814,0.39020760991527015,4.411661561495246
oxide_etch,10,2024-08-22_03,3,89,0.04469431057103816,0.02482530976949113,0.3627531086671426,3.887639237041646
oxide_etch,10,2024-08-22_04,4,89,0.1130438966309308,0.0856778072507194,-0.5538613385689943,15.798935841204731
si_etch,1,2024-07-02_01,1,89,0.3037031022880002,0.21375227510259392,0.9931429246891392,0.46429908728234254
si_etch,1,2024-07-02_02,2,89,0.36092176705356493,0.27769765961036263,0.990035692695426,0.619647616919954
si_etch,1,2024-07-02_03,3,89,0.27328815228150527,0.22965090462331036,0.9941838163715738,0.5152005687775848
si_etch,1,2024-07-02_04,4,89,0.540564829751011,0.48274891028243455,0.976579645130432,1.0981228422697318
si_etch,1,2024-07-02_05,5,89,0.3435211476428302,0.2790310891826504,0.990307572282702,0.6398770891393127
si_etch,1,2024-07-02_06,6,89,0.2428043235266299,0.17543831300199605,0.9951466032976425,0.39741048430526865
si_etch,1,2024-07-02_08,8,89,0.2897110816394306,0.26401734084225886,0.9929814071955029,0.6235030640387165
si_etch,1,2024-07-02_09,9,89,0.5271716751267855,0.5003179057260582,0.9769174983650849,1.1559152556271777
si_etch,1,2024-07-02_10,10,89,0.370532286406229,0.3105490180883512,0.9885201218858882,0.7188813522248022
si_etch,2,2024-07-05_01,1,89,0.19458920476747024,0.16432489973775463,0.9973384880979064,0.37322114041197396
si_etch,2,2024-07-05_02,2,89,0.16655641246878988,0.13329923822638662,0.9979038430180017,0.2946905591141979
si_etch,2,2024-07-05_03,3,89,0.4861635819472809,0.4049175991101213,0.9810043454164704,0.8927407145454783
si_etch,2,2024-07-05_04,4,89,0.22073140785758283,0.19583194175463067,0.9958998916810924,0.4480022376029874
si_etch,2,2024-07-05_05,5,89,0.3372466290431458,0.3215581915351769,0.9904283069946276,0.7348418329183287
si_etch,2,2024-07-05_06,6,89,0.42011660864765277,0.38610166914007626,0.9850254005617113,0.8720036341165376
si_etch,2,2024-07-05_07,7,89,0.38597261061222143,0.3413389827428232,0.9873416947253133,0.7758820673202063
si_etch,2,2024-07-05_08,8,89,0.5074619595138776,0.47734952776619544,0.9778206114110992,1.111410425082649
si_etch,2,2024-07-05_09,9,89,0.5760228637583129,0.5576239596591901,0.9717650396474691,1.287426396622373
si_etch,2,2024-07-05_10,10,89,0.23112984318830324,0.20622223414731788,0.995397867775117,0.47289222243931184
si_etch,3,2024-07-09_01,1,89,0.22159584177580027,0.15542495384644928,0.9963400268072531,0.34288994856791605
si_etch,3,2024-07-09_02,2,89,1.260080903099315,0.48892164766118695,0.8774671940698393,1.123808467441035
si_etch,3,2024-07-09_03,3,89,0.1809318906643241,0.14175942238796954,0.9976153151707826,0.3182060048762547
si_etch,3,2024-07-09_04,4,89,0.1376784470729024,0.10620477226343,0.9985845487020861,0.24320105650590235
si_etch,3,2024-07-09_05,5,89,0.35134116337194327,0.297520369626163,0.9904603865814171,0.6664118557489891
si_etch,3,2024-07-09_06,6,89,0.2432769792174655,0.1999238260676347,0.9954134128021651,0.4464296707150663
si_etch,3,2024-07-09_07,7,89,0.1873933257669646,0.14972875359353086,0.9972529381193261,0.3378133037977575
si_etch,3,2024-07-09_08,8,89,0.24136957040754717,0.21537819337309036,0.9954043097902902,0.49240907166546616
si_etch,3,2024-07-09_09,9,89,0.17992718337992814,0.15249038010500743,0.997409766911657,0.3527294698507649
si_etch,3,2024-07-09_10,10,89,0.48374661916494777,0.4641650767808553,0.981091250547562,1.1007626117607197
si_etch,4,2024-07-11_01,1,89,0.7065394133257059,0.6393197306086507,0.9645698535099652,1.4044000262740994
si_etch,4,2024-07-11_02,2,89,0.8603445579777846,0.8111050209302572,0.9464181035488658,1.7941942079355484
si_etch,4,2024-07-11_03,3,89,0.2511960438599368,0.2195605588762947,0.9952571403990038,0.5002154812320603
si_etch,4,2024-07-11_04,4,89,0.4342279882851737,0.4073137433341384,0.9856104206996839,0.9144685255199706
si_etch,4,2024-07-11_05,5,89,0.2745776470163806,0.2313092263896816,0.9940541211548137,0.5196753279503998
si_etch,4,2024-07-11_06,6,89,0.18049834524657343,0.14586622259590024,0.9974447163853384,0.3292769970816799
si_etch,4,2024-07-11_07,7,89,0.3237830518357188,0.2976830300320397,0.9915623314242437,0.6887669276665558
si_etch,4,2024-07-11_08,8,89,0.36628339159763185,0.3326551030191148,0.9891756761258029,0.7814721038961087
si_etch,4,2024-07-11_09,9,89,0.5869781015256392,0.5744006982010406,0.9721258114808066,1.3399863146654107
si_etch,4,2024-07-11_10,10,89,0.25139202121701965,0.2147501399008075,0.9948378960353274,0.48735157216158387
si_etch,5,2024-07-19_01,1,89,0.5274469674719872,0.4613226558385265,0.9804111076867953,1.0155581169504686
si_etch,5,2024-07-19_02,2,89,0.21292753538773573,0.1849585115239859,0.9966050243162219,0.42419034996230426
si_etch,5,2024-07-19_03,3,89,0.10284763904788985,0.08318315998891798,0.999173013847967,0.18761313758075926
si_etch,5,2024-07-19_04,4,89,0.4374254235414737,0.41152816943908016,0.9843010030941087,0.9434064737698601
si_etch,5,2024-07-19_05,5,89,0.14610437656556677,0.11971372968695074,0.9982630465247707,0.27190242481931215
si_etch,5,2024-07-19_06,6,89,0.14047433701192835,0.11587245812576848,0.9983841287317196,0.2653344027557016
si_etch,5,2024-07-19_07,7,89,0.16855670244283152,0.13595508189683478,0.9976540106457906,0.3217484488095649
si_etch,5,2024-07-19_08,8,89,0.3544730308757269,0.31355980005157086,0.9897273509989224,0.7324734686951039
si_etch,5,2024-07-19_09,9,89,0.5099877196335564,0.4811486233486224,0.978366183626492,1.1134571474942232
si_etch,5,2024-07-19_10,10,89,0.1603097117617905,0.13281069980578444,0.9978670841640198,0.30856452624487934
si_etch,6,2024-08-01_01,1,89,0.5286903258226724,0.49034774437379214,0.9789906926214013,1.1254795725245637
si_etch,6,2024-08-01_02,2,89,0.3082301230947712,0.2781144902947247,0.9930296682878484,0.6224065315297843
si_etch,6,2024-08-01_03,3,89,0.37697573105298315,0.35452129063981325,0.989384936223887,0.7945258136091636
si_etch,6,2024-08-01_04,4,89,0.46638784945083855,0.42848651328783444,0.9835790330704428,0.9659948309878039
si_etch,6,2024-08-01_05,5,89,0.448131951241851,0.4307205971707125,0.984531068206474,0.9824132707953762
si_etch,6,2024-08-01_06,6,89,0.29054874351910304,0.25361418991946094,0.9933357295230599,0.60817275529211
si_etch,6,2024-08-01_07,7,89,1.7194527334637222,0.4063547112968532,0.80003493324724,1.16295232665911
si_etch,6,2024-08-01_08,8,89,0.34780690911610257,0.2996701015515274,0.9902967862116403,0.6750739674878514
si_etch,6,2024-08-01_09,9,89,0.16682108451446306,0.1375776140877367,0.9977416523280468,0.3226334096815836
si_etch,6,2024-08-01_10,10,89,0.3175872765997279,0.2591227842180919,0.9918248451605597,0.5751146671437691
si_etch,7,2024-08-05_01,1,89,0.1814338715833509,0.15514232335465716,0.9975921522323743,0.35635971551938117
si_etch,7,2024-08-05_02,2,89,0.23127443991374255,0.18927293413140833,0.9960833443740842,0.43444304035195164
si_etch,7,2024-08-05_03,3,89,0.18295417280642023,0.15582498271813475,0.9974356762563489,0.3573925543706953
si_etch,7,2024-08-05_04,4,89,0.12548331807753815,0.09847178084126947,0.9987762944139165,0.22347389903145354
si_etch,7,2024-08-05_05,5,89,0.2128806684793679,0.17380296514275362,0.9963797269719749,0.38498914825169134
si_etch,7,2024-08-05_06,6,89,0.28305462769681955,0.2511865422966776,0.9935342376380315,0.5839276613462621
si_etch,8,2024-08-07_01,1,89,0.2555735722878423,0.1793430628401509,0.9951829672560762,0.3895228902077581
si_etch,8,2024-08-07_02,2,89,0.1530482583193698,0.1317439561479547,0.9982542257220193,0.3040529002277336
si_etch,8,2024-08-07_03,3,89,0.13159186930361252,0.10627780871444865,0.9986673411207776,0.23973550506934488
si_etch,8,2024-08-07_04,4,89,0.1487599596574132,0.11936633506517692,0.9982886879981147,0.26297855592788993
si_etch,8,2024-08-07_05,5,89,0.28904566806096,0.25386908884798554,0.9934325287653025,0.5722998657058718
si_etch,8,2024-08-07_06,6,89,0.17308564318605463,0.12999498174431642,0.997626912266359,0.29318228902820187
si_etch,8,2024-08-07_07,7,89,0.14475978194759515,0.11766300844342513,0.9983313511069578,0.2702108704848085
si_etch,8,2024-08-07_08,8,89,0.4313217042277805,0.41084675306684537,0.9868631947173871,0.9563082795851512
si_etch,8,2024-08-07_09,9,89,0.5352193070816892,0.5167202038711376,0.9794011565604441,1.2079218299651207
si_etch,8,2024-08-07_10,10,89,0.5663182281379013,0.5554068918978229,0.9742512589478856,1.2957352931368904
si_etch,9,2024-08-21_01,1,89,0.19447161171834296,0.16918310958347962,0.9973687778723538,0.3861832230374149
si_etch,9,2024-08-21_02,2,89,0.1769801163468335,0.13636796929863063,0.997805378533438,0.3093345339791022
si_etch,9,2024-08-21_03,3,89,0.19821360915698982,0.15813716074054146,0.9971491044169163,0.35339671001709266
si_etch,9,2024-08-21_04,4,89,0.6658357532222691,0.6059140837594357,0.9669722927802732,1.3421204256871715
si_etch,9,2024-08-21_05,5,89,0.14885299938412547,0.12690177660309876,0.9983097305058604,0.28846083570502246
si_etch,9,2024-08-21_06,6,89,0.2529811285463843,0.22736692964360955,0.9949688928765628,0.5358171990723039
si_etch,9,2024-08-21_07,7,89,0.2948672476570921,0.2362091407347262,0.9931779241924428,0.5256004809390278
si_etch,9,2024-08-21_08,8,89,0.1156124593490535,0.0930828565961856,0.998945266624191,0.21541703962058364
si_etch,9,2024-08-21_10,10,89,0.17931214308164525,0.14510906948132493,0.9974299518509683,0.346087407383519
si_etch,10,2024-08-22_01,1,89,0.4093991112690384,0.34839368670174214,0.9881172309219584,0.7584893905117062
si_etch,10,2024-08-22_02,2,89,0.19375296373495035,0.15853693244162506,0.9972440020306944,0.36424613858414684
si_etch,10,2024-08-22_03,3,89,0.13489441510107583,0.10859538731950005,0.9986545137780756,0.243702198640309
si_etch,10,2024-08-22_04,4,89,0.1769393608980628,0.1274635229217873,0.9974962772641032,0.2853248816604375
