target,fold,experiment_key,point_idx,y_true,y_pred,residual,abs_error,heldout_lot
oxide_etch,0,2024-07-02_01,0,0.4970899522304535,0.6553331613540649,0.15824320912361145,0.15824320912361145,1
oxide_etch,0,2024-07-02_01,1,0.4945000112056732,0.6587442755699158,0.16424426436424255,0.16424426436424255,1
oxide_etch,0,2024-07-02_01,2,0.5149824023246765,0.6611747741699219,0.14619237184524536,0.14619237184524536,1
oxide_etch,0,2024-07-02_01,3,0.4668000042438507,0.6535298824310303,0.18672987818717957,0.18672987818717957,1
oxide_etch,0,2024-07-02_01,4,0.5329416990280151,0.6576799750328064,0.12473827600479126,0.12473827600479126,1
oxide_etch,0,2024-07-02_01,5,0.5663168430328369,0.6646374464035034,0.0983206033706665,0.0983206033706665,1
oxide_etch,0,2024-07-02_01,6,0.5839797258377075,0.668274462223053,0.08429473638534546,0.08429473638534546,1
oxide_etch,0,2024-07-02_01,7,0.5850942730903625,0.6686474680900574,0.08355319499969482,0.08355319499969482,1
oxide_etch,0,2024-07-02_01,8,0.5658428072929382,0.6651623845100403,0.09931957721710205,0.09931957721710205,1
oxide_etch,0,2024-07-02_01,9,0.5239999890327454,0.6629431247711182,0.1389431357383728,0.1389431357383728,1
oxide_etch,0,2024-07-02_01,10,0.45730000734329224,0.6409842371940613,0.18368422985076904,0.18368422985076904,1
oxide_etch,0,2024-07-02_01,11,0.5427684783935547,0.6418014764785767,0.09903299808502197,0.09903299808502197,1
oxide_etch,0,2024-07-02_01,12,0.5933495759963989,0.645500659942627,0.05215108394622803,0.05215108394622803,1
oxide_etch,0,2024-07-02_01,13,0.6280825734138489,0.6526200771331787,0.024537503719329834,0.024537503719329834,1
oxide_etch,0,2024-07-02_01,14,0.6443979740142822,0.6571096181869507,0.012711644172668457,0.012711644172668457,1
oxide_etch,0,2024-07-02_01,15,0.6451080441474915,0.6576246023178101,0.012516558170318604,0.012516558170318604,1
oxide_etch,0,2024-07-02_01,16,0.6293535828590393,0.6529864072799683,0.023632824420928955,0.023632824420928955,1
oxide_etch,0,2024-07-02_01,17,0.5948291420936584,0.650951623916626,0.05612248182296753,0.05612248182296753,1
oxide_etch,0,2024-07-02_01,18,0.5386999845504761,0.6479557752609253,0.10925579071044922,0.10925579071044922,1
oxide_etch,0,2024-07-02_01,19,0.5205407738685608,0.6503263115882874,0.12978553771972656,0.12978553771972656,1
oxide_etch,0,2024-07-02_01,20,0.586528480052948,0.6511089205741882,0.06458044052124023,0.06458044052124023,1
oxide_etch,0,2024-07-02_01,21,0.6375961303710938,0.6551200747489929,0.01752394437789917,0.01752394437789917,1
oxide_etch,0,2024-07-02_01,22,0.6738253831863403,0.6605042815208435,-0.013321101665496826,0.013321101665496826,1
oxide_etch,0,2024-07-02_01,23,0.6911468505859375,0.664450466632843,-0.026696383953094482,0.026696383953094482,1
oxide_etch,0,2024-07-02_01,24,0.6906708478927612,0.6645358800888062,-0.026134967803955078,0.026134967803955078,1
oxide_etch,0,2024-07-02_01,25,0.6719918847084045,0.6620761752128601,-0.009915709495544434,0.009915709495544434,1
oxide_etch,0,2024-07-02_01,26,0.6391436457633972,0.6594509482383728,0.020307302474975586,0.020307302474975586,1
oxide_etch,0,2024-07-02_01,27,0.5876068472862244,0.6571323275566101,0.06952548027038574,0.06952548027038574,1
oxide_etch,0,2024-07-02_01,28,0.4763261675834656,0.6415889263153076,0.16526275873184204,0.16526275873184204,1
oxide_etch,0,2024-07-02_01,29,0.5478964447975159,0.6455098986625671,0.09761345386505127,0.09761345386505127,1
oxide_etch,0,2024-07-02_01,30,0.6144552230834961,0.6469464898109436,0.03249126672744751,0.03249126672744751,1
oxide_etch,0,2024-07-02_01,31,0.6655850410461426,0.6503344178199768,-0.015250623226165771,0.015250623226165771,1
oxide_etch,0,2024-07-02_01,32,0.7037801742553711,0.6569987535476685,-0.04678142070770264,0.04678142070770264,1
oxide_etch,0,2024-07-02_01,33,0.7234804630279541,0.6605796217918396,-0.0629008412361145,0.0629008412361145,1
oxide_etch,0,2024-07-02_01,34,0.721287727355957,0.6617763638496399,-0.05951136350631714,0.05951136350631714,1
oxide_etch,0,2024-07-02_01,35,0.699326753616333,0.656967282295227,-0.04235947132110596,0.04235947132110596,1
oxide_etch,0,2024-07-02_01,36,0.6642786860466003,0.6552287936210632,-0.00904989242553711,0.00904989242553711,1
oxide_etch,0,2024-07-02_01,37,0.6151131391525269,0.6514443159103394,0.0363311767578125,0.0363311767578125,1
oxide_etch,0,2024-07-02_01,38,0.5509780645370483,0.6543857455253601,0.10340768098831177,0.10340768098831177,1
oxide_etch,0,2024-07-02_01,39,0.4625999927520752,0.6532542109489441,0.1906542181968689,0.1906542181968689,1
oxide_etch,0,2024-07-02_01,40,0.5565335750579834,0.6582084894180298,0.10167491436004639,0.10167491436004639,1
oxide_etch,0,2024-07-02_01,41,0.6228588819503784,0.658322274684906,0.03546339273452759,0.03546339273452759,1
oxide_etch,0,2024-07-02_01,42,0.6754724979400635,0.6622217893600464,-0.01325070858001709,0.01325070858001709,1
oxide_etch,0,2024-07-02_01,43,0.7151678800582886,0.6688947081565857,-0.04627317190170288,0.04627317190170288,1
oxide_etch,0,2024-07-02_01,44,0.7387999892234802,0.6727964282035828,-0.06600356101989746,0.06600356101989746,1
oxide_etch,0,2024-07-02_01,45,0.7317144870758057,0.671898603439331,-0.05981588363647461,0.05981588363647461,1
oxide_etch,0,2024-07-02_01,46,0.7093831896781921,0.6670507192611694,-0.042332470417022705,0.042332470417022705,1
oxide_etch,0,2024-07-02_01,47,0.6730808019638062,0.6657710075378418,-0.0073097944259643555,0.0073097944259643555,1
oxide_etch,0,2024-07-02_01,48,0.6237000226974487,0.6630429029464722,0.03934288024902344,0.03934288024902344,1
oxide_etch,0,2024-07-02_01,49,0.5543000102043152,0.6651203632354736,0.11082035303115845,0.11082035303115845,1
oxide_etch,0,2024-07-02_01,50,0.47849270701408386,0.6402226686477661,0.16172996163368225,0.16172996163368225,1
oxide_etch,0,2024-07-02_01,51,0.5466728806495667,0.6450933218002319,0.09842044115066528,0.09842044115066528,1
oxide_etch,0,2024-07-02_01,52,0.6125566363334656,0.6440573334693909,0.03150069713592529,0.03150069713592529,1
oxide_etch,0,2024-07-02_01,53,0.6631726026535034,0.6485255360603333,-0.014647066593170166,0.014647066593170166,1
oxide_etch,0,2024-07-02_01,54,0.7017455697059631,0.6556066274642944,-0.0461389422416687,0.0461389422416687,1
oxide_etch,0,2024-07-02_01,55,0.7204050421714783,0.6596289873123169,-0.06077605485916138,0.06077605485916138,1
oxide_etch,0,2024-07-02_01,56,0.718254029750824,0.6581685543060303,-0.0600854754447937,0.0600854754447937,1
oxide_etch,0,2024-07-02_01,57,0.6978776454925537,0.6525772213935852,-0.045300424098968506,0.045300424098968506,1
oxide_etch,0,2024-07-02_01,58,0.6626440286636353,0.6519245505332947,-0.010719478130340576,0.010719478130340576,1
oxide_etch,0,2024-07-02_01,59,0.614421546459198,0.6487743854522705,0.03435283899307251,0.03435283899307251,1
oxide_etch,0,2024-07-02_01,60,0.5533961653709412,0.6510576605796814,0.09766149520874023,0.09766149520874023,1
oxide_etch,0,2024-07-02_01,61,0.5196296572685242,0.6536884903907776,0.13405883312225342,0.13405883312225342,1
oxide_etch,0,2024-07-02_01,62,0.5845534801483154,0.6530494093894958,0.06849592924118042,0.06849592924118042,1
oxide_etch,0,2024-07-02_01,63,0.635699987411499,0.657049834728241,0.021349847316741943,0.021349847316741943,1
oxide_etch,0,2024-07-02_01,64,0.6695600748062134,0.6631821393966675,-0.0063779354095458984,0.0063779354095458984,1
oxide_etch,0,2024-07-02_01,65,0.6865452527999878,0.6668959856033325,-0.019649267196655273,0.019649267196655273,1
oxide_etch,0,2024-07-02_01,66,0.6867915987968445,0.6657650470733643,-0.021026551723480225,0.021026551723480225,1
oxide_etch,0,2024-07-02_01,67,0.6681198477745056,0.6629213690757751,-0.005198478698730469,0.005198478698730469,1
oxide_etch,0,2024-07-02_01,68,0.6373648643493652,0.662078857421875,0.024713993072509766,0.024713993072509766,1
oxide_etch,0,2024-07-02_01,69,0.5865158438682556,0.6602963805198669,0.07378053665161133,0.07378053665161133,1
oxide_etch,0,2024-07-02_01,70,0.4636000096797943,0.6479679346084595,0.18436792492866516,0.18436792492866516,1
oxide_etch,0,2024-07-02_01,71,0.5411518216133118,0.6491081118583679,0.10795629024505615,0.10795629024505615,1
oxide_etch,0,2024-07-02_01,72,0.5910025238990784,0.6522496938705444,0.061247169971466064,0.061247169971466064,1
oxide_etch,0,2024-07-02_01,73,0.6233906745910645,0.6588954329490662,0.03550475835800171,0.03550475835800171,1
oxide_etch,0,2024-07-02_01,74,0.6390036344528198,0.6610704064369202,0.022066771984100342,0.022066771984100342,1
oxide_etch,0,2024-07-02_01,75,0.6393134593963623,0.6617531180381775,0.022439658641815186,0.022439658641815186,1
oxide_etch,0,2024-07-02_01,76,0.6242952346801758,0.6579893827438354,0.03369414806365967,0.03369414806365967,1
oxide_etch,0,2024-07-02_01,77,0.5916265249252319,0.6579236388206482,0.06629711389541626,0.06629711389541626,1
oxide_etch,0,2024-07-02_01,78,0.5419999957084656,0.6549304127693176,0.11293041706085205,0.11293041706085205,1
oxide_etch,0,2024-07-02_01,79,0.4706000089645386,0.6641901731491089,0.1935901641845703,0.1935901641845703,1
oxide_etch,0,2024-07-02_01,80,0.5293676257133484,0.6668590307235718,0.1374914050102234,0.1374914050102234,1
oxide_etch,0,2024-07-02_01,81,0.5610365271568298,0.6731138229370117,0.11207729578018188,0.11207729578018188,1
oxide_etch,0,2024-07-02_01,82,0.5767897367477417,0.6758304834365845,0.09904074668884277,0.09904074668884277,1
oxide_etch,0,2024-07-02_01,83,0.5763570070266724,0.675633430480957,0.09927642345428467,0.09927642345428467,1
oxide_etch,0,2024-07-02_01,84,0.5585724711418152,0.6719823479652405,0.11340987682342529,0.11340987682342529,1
oxide_etch,0,2024-07-02_01,85,0.525600016117096,0.6720008254051208,0.1464008092880249,0.1464008092880249,1
oxide_etch,0,2024-07-02_01,86,0.5007655620574951,0.6651965975761414,0.16443103551864624,0.16443103551864624,1
oxide_etch,0,2024-07-02_01,87,0.49639999866485596,0.6681390404701233,0.17173904180526733,0.17173904180526733,1
oxide_etch,0,2024-07-02_01,88,0.5145467519760132,0.6667686700820923,0.1522219181060791,0.1522219181060791,1
oxide_etch,0,2024-07-02_02,0,0.4921131432056427,0.6549637913703918,0.16285064816474915,0.16285064816474915,1
oxide_etch,0,2024-07-02_02,1,0.48170000314712524,0.6583825349807739,0.17668253183364868,0.17668253183364868,1
oxide_etch,0,2024-07-02_02,2,0.5064799189567566,0.6608102321624756,0.154330313205719,0.154330313205719,1
oxide_etch,0,2024-07-02_02,3,0.4578999876976013,0.6531634330749512,0.19526344537734985,0.19526344537734985,1
oxide_etch,0,2024-07-02_02,4,0.5263344645500183,0.6573202610015869,0.1309857964515686,0.1309857964515686,1
oxide_etch,0,2024-07-02_02,5,0.5602231621742249,0.664296567440033,0.1040734052658081,0.1040734052658081,1
oxide_etch,0,2024-07-02_02,6,0.5756040215492249,0.667942464351654,0.0923384428024292,0.0923384428024292,1
oxide_etch,0,2024-07-02_02,7,0.5761540532112122,0.6683080792427063,0.09215402603149414,0.09215402603149414,1
oxide_etch,0,2024-07-02_02,8,0.5564954876899719,0.6648112535476685,0.10831576585769653,0.10831576585769653,1
oxide_etch,0,2024-07-02_02,9,0.5085999965667725,0.6625881195068359,0.15398812294006348,0.15398812294006348,1
oxide_etch,0,2024-07-02_02,10,0.4569000005722046,0.6405876278877258,0.18368762731552124,0.18368762731552124,1
oxide_etch,0,2024-07-02_02,11,0.540691077709198,0.6414046883583069,0.10071361064910889,0.10071361064910889,1
oxide_etch,0,2024-07-02_02,12,0.5888764262199402,0.6451095342636108,0.056233108043670654,0.056233108043670654,1
oxide_etch,0,2024-07-02_02,13,0.6227850914001465,0.6522467732429504,0.029461681842803955,0.029461681842803955,1
oxide_etch,0,2024-07-02_02,14,0.6376660466194153,0.6567472815513611,0.0190812349319458,0.0190812349319458,1
oxide_etch,0,2024-07-02_02,15,0.6381542086601257,0.6572563052177429,0.019102096557617188,0.019102096557617188,1
oxide_etch,0,2024-07-02_02,16,0.6224558353424072,0.652603268623352,0.030147433280944824,0.030147433280944824,1
oxide_etch,0,2024-07-02_02,17,0.5859801769256592,0.6505617499351501,0.06458157300949097,0.06458157300949097,1
oxide_etch,0,2024-07-02_02,18,0.522599995136261,0.6475610136985779,0.1249610185623169,0.1249610185623169,1
oxide_etch,0,2024-07-02_02,19,0.5211161971092224,0.6499634981155396,0.12884730100631714,0.12884730100631714,1
oxide_etch,0,2024-07-02_02,20,0.5848100185394287,0.65074223279953,0.06593221426010132,0.06593221426010132,1
oxide_etch,0,2024-07-02_02,21,0.6337846517562866,0.6547580361366272,0.020973384380340576,0.020973384380340576,1
oxide_etch,0,2024-07-02_02,22,0.6670094728469849,0.6601575016975403,-0.00685197114944458,0.00685197114944458,1
oxide_etch,0,2024-07-02_02,23,0.6846152544021606,0.6641112565994263,-0.020503997802734375,0.020503997802734375,1
oxide_etch,0,2024-07-02_02,24,0.6837039589881897,0.6641879677772522,-0.0195159912109375,0.0195159912109375,1
oxide_etch,0,2024-07-02_02,25,0.6646739840507507,0.661718487739563,-0.002955496311187744,0.002955496311187744,1
oxide_etch,0,2024-07-02_02,26,0.6323748230934143,0.6590909957885742,0.026716172695159912,0.026716172695159912,1
oxide_etch,0,2024-07-02_02,27,0.5802063345909119,0.656769871711731,0.07656353712081909,0.07656353712081909,1
oxide_etch,0,2024-07-02_02,28,0.48022162914276123,0.6412013173103333,0.16097968816757202,0.16097968816757202,1
oxide_etch,0,2024-07-02_02,29,0.5491250157356262,0.645125150680542,0.09600013494491577,0.09600013494491577,1
oxide_etch,0,2024-07-02_02,30,0.6129329204559326,0.6465592384338379,0.03362631797790527,0.03362631797790527,1
oxide_etch,0,2024-07-02_02,31,0.6615468859672546,0.6499519348144531,-0.011594951152801514,0.011594951152801514,1
oxide_etch,0,2024-07-02_02,32,0.698137640953064,0.6566334366798401,-0.04150420427322388,0.04150420427322388,1
oxide_etch,0,2024-07-02_02,33,0.7177380323410034,0.6602190732955933,-0.057518959045410156,0.057518959045410156,1
oxide_etch,0,2024-07-02_02,34,0.7154036164283752,0.6614105105400085,-0.0539931058883667,0.0539931058883667,1
oxide_etch,0,2024-07-02_02,35,0.6926820278167725,0.6565902233123779,-0.03609180450439453,0.03609180450439453,1
oxide_etch,0,2024-07-02_02,36,0.6585917472839355,0.6548494100570679,-0.0037423372268676758,0.0037423372268676758,1
oxide_etch,0,2024-07-02_02,37,0.6107126474380493,0.6510553956031799,0.040342748165130615,0.040342748165130615,1
oxide_etch,0,2024-07-02_02,38,0.5476797819137573,0.6540016531944275,0.10632187128067017,0.10632187128067017,1
oxide_etch,0,2024-07-02_02,39,0.4699999690055847,0.6528984904289246,0.18289852142333984,0.18289852142333984,1
oxide_etch,0,2024-07-02_02,40,0.5583532452583313,0.6578613519668579,0.09950810670852661,0.09950810670852661,1
oxide_etch,0,2024-07-02_02,41,0.6222137808799744,0.6579678654670715,0.03575408458709717,0.03575408458709717,1
oxide_etch,0,2024-07-02_02,42,0.6716023087501526,0.6618737578392029,-0.009728550910949707,0.009728550910949707,1
oxide_etch,0,2024-07-02_02,43,0.7105700373649597,0.6685634851455688,-0.04200655221939087,0.04200655221939087,1
oxide_etch,0,2024-07-02_02,44,0.7346000075340271,0.6724722981452942,-0.06212770938873291,0.06212770938873291,1
oxide_etch,0,2024-07-02_02,45,0.726780116558075,0.6715622544288635,-0.055217862129211426,0.055217862129211426,1
oxide_etch,0,2024-07-02_02,46,0.7039881348609924,0.666703462600708,-0.037284672260284424,0.037284672260284424,1
oxide_etch,0,2024-07-02_02,47,0.6685254573822021,0.665425717830658,-0.0030997395515441895,0.0030997395515441895,1
oxide_etch,0,2024-07-02_02,48,0.6209999918937683,0.6626943945884705,0.04169440269470215,0.04169440269470215,1
oxide_etch,0,2024-07-02_02,49,0.5497000217437744,0.6647750735282898,0.11507505178451538,0.11507505178451538,1
oxide_etch,0,2024-07-02_02,50,0.4844398498535156,0.6398341059684753,0.15539425611495972,0.15539425611495972,1
oxide_etch,0,2024-07-02_02,51,0.5502973794937134,0.6447117924690247,0.09441441297531128,0.09441441297531128,1
oxide_etch,0,2024-07-02_02,52,0.61376953125,0.6436685919761658,0.02989906072616577,0.02989906072616577,1
oxide_etch,0,2024-07-02_02,53,0.662390410900116,0.6481454968452454,-0.014244914054870605,0.014244914054870605,1
oxide_etch,0,2024-07-02_02,54,0.6994035243988037,0.6552444100379944,-0.044159114360809326,0.044159114360809326,1
oxide_etch,0,2024-07-02_02,55,0.7176129817962646,0.6592738628387451,-0.05833911895751953,0.05833911895751953,1
oxide_etch,0,2024-07-02_02,56,0.7149379849433899,0.6578031182289124,-0.05713486671447754,0.05713486671447754,1
oxide_etch,0,2024-07-02_02,57,0.6952313780784607,0.6521967649459839,-0.04303461313247681,0.04303461313247681,1
oxide_etch,0,2024-07-02_02,58,0.6613584160804749,0.6515436172485352,-0.009814798831939697,0.009814798831939697,1
oxide_etch,0,2024-07-02_02,59,0.6151944994926453,0.6483843326568604,0.03318983316421509,0.03318983316421509,1
oxide_etch,0,2024-07-02_02,60,0.5535551309585571,0.6506742238998413,0.09711909294128418,0.09711909294128418,1
oxide_etch,0,2024-07-02_02,61,0.5253856182098389,0.6533432006835938,0.12795758247375488,0.12795758247375488,1
oxide_etch,0,2024-07-02_02,62,0.5880077481269836,0.6526974439620972,0.06468969583511353,0.06468969583511353,1
oxide_etch,0,2024-07-02_02,63,0.6373999714851379,0.6567019820213318,0.019302010536193848,0.019302010536193848,1
oxide_etch,0,2024-07-02_02,64,0.6686767339706421,0.6628515720367432,-0.005825161933898926,0.005825161933898926,1
oxide_etch,0,2024-07-02_02,65,0.6856855750083923,0.6665700674057007,-0.01911550760269165,0.01911550760269165,1
oxide_etch,0,2024-07-02_02,66,0.6860066652297974,0.6654298305511475,-0.020576834678649902,0.020576834678649902,1
oxide_etch,0,2024-07-02_02,67,0.6679386496543884,0.662574291229248,-0.005364358425140381,0.005364358425140381,1
oxide_etch,0,2024-07-02_02,68,0.6386063098907471,0.6617358326911926,0.023129522800445557,0.023129522800445557,1
oxide_etch,0,2024-07-02_02,69,0.5900791883468628,0.6599479913711548,0.06986880302429199,0.06986880302429199,1
oxide_etch,0,2024-07-02_02,70,0.4767000079154968,0.6475986838340759,0.1708986759185791,0.1708986759185791,1
oxide_etch,0,2024-07-02_02,71,0.5479207634925842,0.6487394571304321,0.1008186936378479,0.1008186936378479,1
oxide_etch,0,2024-07-02_02,72,0.5942509770393372,0.6518845558166504,0.05763357877731323,0.05763357877731323,1
oxide_etch,0,2024-07-02_02,73,0.6258849501609802,0.6585467457771301,0.0326617956161499,0.0326617956161499,1
oxide_etch,0,2024-07-02_02,74,0.6411430835723877,0.6607219576835632,0.019578874111175537,0.019578874111175537,1
oxide_etch,0,2024-07-02_02,75,0.6417497396469116,0.6614017486572266,0.01965200901031494,0.01965200901031494,1
oxide_etch,0,2024-07-02_02,76,0.6281779408454895,0.6576266884803772,0.029448747634887695,0.029448747634887695,1
oxide_etch,0,2024-07-02_02,77,0.5974653959274292,0.657562255859375,0.0600968599319458,0.0600968599319458,1
oxide_etch,0,2024-07-02_02,78,0.5486999750137329,0.6545584201812744,0.1058584451675415,0.1058584451675415,1
oxide_etch,0,2024-07-02_02,79,0.48559999465942383,0.6638619899749756,0.17826199531555176,0.17826199531555176,1
oxide_etch,0,2024-07-02_02,80,0.5372050404548645,0.6665325164794922,0.12932747602462769,0.12932747602462769,1
oxide_etch,0,2024-07-02_02,81,0.566877007484436,0.6728004217147827,0.10592341423034668,0.10592341423034668,1
oxide_etch,0,2024-07-02_02,82,0.5824677348136902,0.6755215525627136,0.09305381774902344,0.09305381774902344,1
oxide_etch,0,2024-07-02_02,83,0.5834739208221436,0.6753167510032654,0.09184283018112183,0.09184283018112183,1
oxide_etch,0,2024-07-02_02,84,0.5671897530555725,0.6716555953025818,0.10446584224700928,0.10446584224700928,1
oxide_etch,0,2024-07-02_02,85,0.5353999733924866,0.6716763377189636,0.13627636432647705,0.13627636432647705,1
oxide_etch,0,2024-07-02_02,86,0.5099489688873291,0.6648589968681335,0.15491002798080444,0.15491002798080444,1
oxide_etch,0,2024-07-02_02,87,0.510200023651123,0.667808473110199,0.15760844945907593,0.15760844945907593,1
oxide_etch,0,2024-07-02_02,88,0.523420512676239,0.6664289236068726,0.14300841093063354,0.14300841093063354,1
oxide_etch,0,2024-07-02_03,0,0.48661598563194275,0.6552761793136597,0.16866019368171692,0.16866019368171692,1
oxide_etch,0,2024-07-02_03,1,0.4717000126838684,0.6586856245994568,0.18698561191558838,0.18698561191558838,1
oxide_etch,0,2024-07-02_03,2,0.5000360012054443,0.6611060500144958,0.1610700488090515,0.1610700488090515,1
oxide_etch,0,2024-07-02_03,3,0.44940000772476196,0.6534885764122009,0.20408856868743896,0.20408856868743896,1
oxide_etch,0,2024-07-02_03,4,0.5208539962768555,0.6576328277587891,0.1367788314819336,0.1367788314819336,1
oxide_etch,0,2024-07-02_03,5,0.5556972622871399,0.6645883917808533,0.10889112949371338,0.10889112949371338,1
oxide_etch,0,2024-07-02_03,6,0.5704905390739441,0.6682265400886536,0.09773600101470947,0.09773600101470947,1
oxide_etch,0,2024-07-02_03,7,0.570844829082489,0.6685951948165894,0.09775036573410034,0.09775036573410034,1
oxide_etch,0,2024-07-02_03,8,0.5500494837760925,0.6651139855384827,0.11506450176239014,0.11506450176239014,1
oxide_etch,0,2024-07-02_03,9,0.4984000027179718,0.6628961563110352,0.16449615359306335,0.16449615359306335,1
oxide_etch,0,2024-07-02_03,10,0.44760000705718994,0.6409437656402588,0.19334375858306885,0.19334375858306885,1
oxide_etch,0,2024-07-02_03,11,0.5369500517845154,0.6417598128318787,0.10480976104736328,0.10480976104736328,1
oxide_etch,0,2024-07-02_03,12,0.5850855112075806,0.6454518437385559,0.06036633253097534,0.06036633253097534,1
oxide_etch,0,2024-07-02_03,13,0.6192231774330139,0.6525676846504211,0.03334450721740723,0.03334450721740723,1
oxide_etch,0,2024-07-02_03,14,0.6344498991966248,0.6570558547973633,0.022605955600738525,0.022605955600738525,1
oxide_etch,0,2024-07-02_03,15,0.6340001821517944,0.6575678586959839,0.023567676544189453,0.023567676544189453,1
oxide_etch,0,2024-07-02_03,16,0.6177492141723633,0.6529355645179749,0.03518635034561157,0.03518635034561157,1
oxide_etch,0,2024-07-02_03,17,0.5804246664047241,0.6509049534797668,0.07048028707504272,0.07048028707504272,1
oxide_etch,0,2024-07-02_03,18,0.5130000114440918,0.6479137539863586,0.13491374254226685,0.13491374254226685,1
oxide_etch,0,2024-07-02_03,19,0.517220139503479,0.6502910852432251,0.1330709457397461,0.1330709457397461,1
oxide_etch,0,2024-07-02_03,20,0.5818180441856384,0.6510719060897827,0.06925386190414429,0.06925386190414429,1
oxide_etch,0,2024-07-02_03,21,0.6314826607704163,0.6550772190093994,0.023594558238983154,0.023594558238983154,1
oxide_etch,0,2024-07-02_03,22,0.6646894812583923,0.6604578495025635,-0.004231631755828857,0.004231631755828857,1
oxide_etch,0,2024-07-02_03,23,0.6818695068359375,0.6644026041030884,-0.01746690273284912,0.01746690273284912,1
oxide_etch,0,2024-07-02_03,24,0.6806140542030334,0.664484441280365,-0.016129612922668457,0.016129612922668457,1
oxide_etch,0,2024-07-02_03,25,0.6617312431335449,0.6620290279388428,0.00029778480529785156,0.00029778480529785156,1
oxide_etch,0,2024-07-02_03,26,0.6285905241966248,0.6594074368476868,0.03081691265106201,0.03081691265106201,1
oxide_etch,0,2024-07-02_03,27,0.5744990706443787,0.6570909023284912,0.08259183168411255,0.08259183168411255,1
oxide_etch,0,2024-07-02_03,28,0.4789261817932129,0.641559362411499,0.16263318061828613,0.16263318061828613,1
oxide_etch,0,2024-07-02_03,29,0.5461161732673645,0.6454745531082153,0.09935837984085083,0.09935837984085083,1
oxide_etch,0,2024-07-02_03,30,0.6103882193565369,0.646903932094574,0.03651571273803711,0.03651571273803711,1
oxide_etch,0,2024-07-02_03,31,0.6596639156341553,0.6502896547317505,-0.009374260902404785,0.009374260902404785,1
oxide_etch,0,2024-07-02_03,32,0.6966720819473267,0.6569480299949646,-0.03972405195236206,0.03972405195236206,1
oxide_etch,0,2024-07-02_03,33,0.7152761220932007,0.6605262756347656,-0.05474984645843506,0.05474984645843506,1
oxide_etch,0,2024-07-02_03,34,0.713484525680542,0.6617111563682556,-0.05177336931228638,0.05177336931228638,1
oxide_etch,0,2024-07-02_03,35,0.6912948489189148,0.6569110751152039,-0.03438377380371094,0.03438377380371094,1
oxide_etch,0,2024-07-02_03,36,0.6559922099113464,0.6551758050918579,-0.0008164048194885254,0.0008164048194885254,1
oxide_etch,0,2024-07-02_03,37,0.60663902759552,0.6513972282409668,0.04475820064544678,0.04475820064544678,1
oxide_etch,0,2024-07-02_03,38,0.5430129766464233,0.6543241739273071,0.11131119728088379,0.11131119728088379,1
oxide_etch,0,2024-07-02_03,39,0.4650999903678894,0.653229832649231,0.18812984228134155,0.18812984228134155,1
oxide_etch,0,2024-07-02_03,40,0.555514395236969,0.6581849455833435,0.10267055034637451,0.10267055034637451,1
oxide_etch,0,2024-07-02_03,41,0.6200054883956909,0.6582891941070557,0.038283705711364746,0.038283705711364746,1
oxide_etch,0,2024-07-02_03,42,0.670293927192688,0.6621899008750916,-0.008104026317596436,0.008104026317596436,1
oxide_etch,0,2024-07-02_03,43,0.7087569832801819,0.6688541173934937,-0.03990286588668823,0.03990286588668823,1
oxide_etch,0,2024-07-02_03,44,0.7318999767303467,0.6727609038352966,-0.05913907289505005,0.05913907289505005,1
oxide_etch,0,2024-07-02_03,45,0.7242051362991333,0.6718499660491943,-0.052355170249938965,0.052355170249938965,1
oxide_etch,0,2024-07-02_03,46,0.7020173072814941,0.6670116186141968,-0.03500568866729736,0.03500568866729736,1
oxide_etch,0,2024-07-02_03,47,0.6663563847541809,0.6657323837280273,-0.0006240010261535645,0.0006240010261535645,1
oxide_etch,0,2024-07-02_03,48,0.6179999709129333,0.6630128622055054,0.04501289129257202,0.04501289129257202,1
oxide_etch,0,2024-07-02_03,49,0.5435000061988831,0.6650788187980652,0.12157881259918213,0.12157881259918213,1
oxide_etch,0,2024-07-02_03,50,0.47751539945602417,0.6401985287666321,0.1626831293106079,0.1626831293106079,1
oxide_etch,0,2024-07-02_03,51,0.5477291345596313,0.6450672149658203,0.09733808040618896,0.09733808040618896,1
oxide_etch,0,2024-07-02_03,52,0.6118466258049011,0.6440241932868958,0.03217756748199463,0.03217756748199463,1
oxide_etch,0,2024-07-02_03,53,0.6613741517066956,0.6484929323196411,-0.012881219387054443,0.012881219387054443,1
oxide_etch,0,2024-07-02_03,54,0.6983790993690491,0.6555688977241516,-0.04281020164489746,0.04281020164489746,1
oxide_etch,0,2024-07-02_03,55,0.7162913084030151,0.6595919728279114,-0.05669933557510376,0.05669933557510376,1
oxide_etch,0,2024-07-02_03,56,0.7134305834770203,0.6581202745437622,-0.05531030893325806,0.05531030893325806,1
oxide_etch,0,2024-07-02_03,57,0.6940183043479919,0.652538537979126,-0.04147976636886597,0.04147976636886597,1
oxide_etch,0,2024-07-02_03,58,0.6598097681999207,0.6518895030021667,-0.007920265197753906,0.007920265197753906,1
oxide_etch,0,2024-07-02_03,59,0.6121793389320374,0.6487458348274231,0.03656649589538574,0.03656649589538574,1
oxide_etch,0,2024-07-02_03,60,0.5495551824569702,0.6510187387466431,0.10146355628967285,0.10146355628967285,1
oxide_etch,0,2024-07-02_03,61,0.5230821371078491,0.653666079044342,0.13058394193649292,0.13058394193649292,1
oxide_etch,0,2024-07-02_03,62,0.5862547755241394,0.6530196666717529,0.06676489114761353,0.06676489114761353,1
oxide_etch,0,2024-07-02_03,63,0.6365000009536743,0.6570208668708801,0.02052086591720581,0.02052086591720581,1
oxide_etch,0,2024-07-02_03,64,0.6681670546531677,0.6631478667259216,-0.005019187927246094,0.005019187927246094,1
oxide_etch,0,2024-07-02_03,65,0.6850702166557312,0.6668635010719299,-0.01820671558380127,0.01820671558380127,1
oxide_etch,0,2024-07-02_03,66,0.6848424077033997,0.6657219529151917,-0.019120454788208008,0.019120454788208008,1
oxide_etch,0,2024-07-02_03,67,0.667219877243042,0.662883996963501,-0.004335880279541016,0.004335880279541016,1
oxide_etch,0,2024-07-02_03,68,0.6362524032592773,0.6620458364486694,0.02579343318939209,0.02579343318939209,1
oxide_etch,0,2024-07-02_03,69,0.5865464210510254,0.6602672934532166,0.07372087240219116,0.07372087240219116,1
oxide_etch,0,2024-07-02_03,70,0.47360000014305115,0.6479322910308838,0.17433229088783264,0.17433229088783264,1
oxide_etch,0,2024-07-02_03,71,0.5463280081748962,0.6490638256072998,0.10273581743240356,0.10273581743240356,1
oxide_etch,0,2024-07-02_03,72,0.5926153659820557,0.6522061228752136,0.05959075689315796,0.05959075689315796,1
oxide_etch,0,2024-07-02_03,73,0.6248211860656738,0.6588468551635742,0.03402566909790039,0.03402566909790039,1
oxide_etch,0,2024-07-02_03,74,0.6402092576026917,0.6610192060470581,0.020809948444366455,0.020809948444366455,1
oxide_etch,0,2024-07-02_03,75,0.6407338976860046,0.6616879105567932,0.020954012870788574,0.020954012870788574,1
oxide_etch,0,2024-07-02_03,76,0.6264205574989319,0.65793377161026,0.031513214111328125,0.031513214111328125,1
oxide_etch,0,2024-07-02_03,77,0.5943162441253662,0.6578730344772339,0.06355679035186768,0.06355679035186768,1
oxide_etch,0,2024-07-02_03,78,0.54339998960495,0.6548843383789062,0.1114843487739563,0.1114843487739563,1
oxide_etch,0,2024-07-02_03,79,0.482699990272522,0.6641393899917603,0.18143939971923828,0.18143939971923828,1
oxide_etch,0,2024-07-02_03,80,0.5350546836853027,0.666810154914856,0.13175547122955322,0.13175547122955322,1
oxide_etch,0,2024-07-02_03,81,0.5650468468666077,0.6730538606643677,0.10800701379776001,0.10800701379776001,1
oxide_etch,0,2024-07-02_03,82,0.5808321833610535,0.6757766604423523,0.09494447708129883,0.09494447708129883,1
oxide_etch,0,2024-07-02_03,83,0.5813742876052856,0.6755643486976624,0.09419006109237671,0.09419006109237671,1
oxide_etch,0,2024-07-02_03,84,0.5643425583839417,0.671924889087677,0.10758233070373535,0.10758233070373535,1
oxide_etch,0,2024-07-02_03,85,0.5306000113487244,0.6719452738761902,0.14134526252746582,0.14134526252746582,1
oxide_etch,0,2024-07-02_03,86,0.50727379322052,0.665132462978363,0.15785866975784302,0.15785866975784302,1
oxide_etch,0,2024-07-02_03,87,0.5062000155448914,0.6680774092674255,0.16187739372253418,0.16187739372253418,1
oxide_etch,0,2024-07-02_03,88,0.5212981700897217,0.6666967272758484,0.1453985571861267,0.1453985571861267,1
oxide_etch,0,2024-07-02_04,0,0.48154106736183167,0.6550731658935547,0.17353209853172302,0.17353209853172302,1
oxide_etch,0,2024-07-02_04,1,0.46790000796318054,0.658492922782898,0.1905929148197174,0.1905929148197174,1
oxide_etch,0,2024-07-02_04,2,0.49762919545173645,0.660914421081543,0.16328522562980652,0.16328522562980652,1
oxide_etch,0,2024-07-02_04,3,0.4447000026702881,0.6532742381095886,0.20857423543930054,0.20857423543930054,1
oxide_etch,0,2024-07-02_04,4,0.517284631729126,0.6574320793151855,0.14014744758605957,0.14014744758605957,1
oxide_etch,0,2024-07-02_04,5,0.5516397356987,0.6644017100334167,0.1127619743347168,0.1127619743347168,1
oxide_etch,0,2024-07-02_04,6,0.5665979385375977,0.6680493950843811,0.10145145654678345,0.10145145654678345,1
oxide_etch,0,2024-07-02_04,7,0.5665319561958313,0.6684113144874573,0.10187935829162598,0.10187935829162598,1
oxide_etch,0,2024-07-02_04,8,0.5451896786689758,0.6649186015129089,0.1197289228439331,0.1197289228439331,1
oxide_etch,0,2024-07-02_04,9,0.49140000343322754,0.6626930832862854,0.17129307985305786,0.17129307985305786,1
oxide_etch,0,2024-07-02_04,10,0.4453999996185303,0.6407065987586975,0.19530659914016724,0.19530659914016724,1
oxide_etch,0,2024-07-02_04,11,0.5326059460639954,0.6415209770202637,0.10891503095626831,0.10891503095626831,1
oxide_etch,0,2024-07-02_04,12,0.5804859399795532,0.645226240158081,0.06474030017852783,0.06474030017852783,1
oxide_etch,0,2024-07-02_04,13,0.6148651242256165,0.6523566246032715,0.03749150037765503,0.03749150037765503,1
oxide_etch,0,2024-07-02_04,14,0.6298616528511047,0.6568583250045776,0.0269966721534729,0.0269966721534729,1
oxide_etch,0,2024-07-02_04,15,0.6296904683113098,0.6573638319969177,0.02767336368560791,0.02767336368560791,1
oxide_etch,0,2024-07-02_04,16,0.6128086447715759,0.6527160406112671,0.03990739583969116,0.03990739583969116,1
oxide_etch,0,2024-07-02_04,17,0.5748547315597534,0.6506736278533936,0.07581889629364014,0.07581889629364014,1
oxide_etch,0,2024-07-02_04,18,0.507099986076355,0.6476777195930481,0.14057773351669312,0.14057773351669312,1
oxide_etch,0,2024-07-02_04,19,0.5123500227928162,0.6500784754753113,0.13772845268249512,0.13772845268249512,1
oxide_etch,0,2024-07-02_04,20,0.5768102407455444,0.6508544087409973,0.07404416799545288,0.07404416799545288,1
oxide_etch,0,2024-07-02_04,21,0.6266273856163025,0.6548709273338318,0.028243541717529297,0.028243541717529297,1
oxide_etch,0,2024-07-02_04,22,0.659809410572052,0.6602641940116882,0.00045478343963623047,0.00045478343963623047,1
oxide_etch,0,2024-07-02_04,23,0.6765832304954529,0.6642190217971802,-0.012364208698272705,0.012364208698272705,1
oxide_etch,0,2024-07-02_04,24,0.6752196550369263,0.6642928719520569,-0.010926783084869385,0.010926783084869385,1
oxide_etch,0,2024-07-02_04,25,0.6563245058059692,0.6618275046348572,0.0055029988288879395,0.0055029988288879395,1
oxide_etch,0,2024-07-02_04,26,0.6233696937561035,0.6591988205909729,0.035829126834869385,0.035829126834869385,1
oxide_etch,0,2024-07-02_04,27,0.5688672065734863,0.6568808555603027,0.0880136489868164,0.0880136489868164,1
oxide_etch,0,2024-07-02_04,28,0.47323837876319885,0.641318142414093,0.16807976365089417,0.16807976365089417,1
oxide_etch,0,2024-07-02_04,29,0.5411792993545532,0.6452459096908569,0.10406661033630371,0.10406661033630371,1
oxide_etch,0,2024-07-02_04,30,0.6051911115646362,0.6466763019561768,0.04148519039154053,0.04148519039154053,1
oxide_etch,0,2024-07-02_04,31,0.6549401879310608,0.650070309638977,-0.00486987829208374,0.00486987829208374,1
oxide_etch,0,2024-07-02_04,32,0.6909753084182739,0.6567442417144775,-0.03423106670379639,0.03423106670379639,1
oxide_etch,0,2024-07-02_04,33,0.7090170383453369,0.6603307723999023,-0.04868626594543457,0.04868626594543457,1
oxide_etch,0,2024-07-02_04,34,0.7068144679069519,0.6615173816680908,-0.045297086238861084,0.045297086238861084,1
oxide_etch,0,2024-07-02_04,35,0.6851214170455933,0.656702995300293,-0.028418421745300293,0.028418421745300293,1
oxide_etch,0,2024-07-02_04,36,0.6503359079360962,0.6549610495567322,0.004625141620635986,0.004625141620635986,1
oxide_etch,0,2024-07-02_04,37,0.6006036996841431,0.6511725187301636,0.05056881904602051,0.05056881904602051,1
oxide_etch,0,2024-07-02_04,38,0.5371849536895752,0.6541125774383545,0.1169276237487793,0.1169276237487793,1
oxide_etch,0,2024-07-02_04,39,0.4577000141143799,0.6530113816261292,0.19531136751174927,0.19531136751174927,1
oxide_etch,0,2024-07-02_04,40,0.5507579445838928,0.657979428768158,0.10722148418426514,0.10722148418426514,1
oxide_etch,0,2024-07-02_04,41,0.6146989464759827,0.6580834984779358,0.043384552001953125,0.043384552001953125,1
oxide_etch,0,2024-07-02_04,42,0.6648643016815186,0.661990761756897,-0.002873539924621582,0.002873539924621582,1
oxide_etch,0,2024-07-02_04,43,0.7030405402183533,0.6686714887619019,-0.034369051456451416,0.034369051456451416,1
oxide_etch,0,2024-07-02_04,44,0.7257000207901001,0.6725825667381287,-0.053117454051971436,0.053117454051971436,1
oxide_etch,0,2024-07-02_04,45,0.7174527049064636,0.6716699004173279,-0.04578280448913574,0.04578280448913574,1
oxide_etch,0,2024-07-02_04,46,0.6952655911445618,0.6668166518211365,-0.028448939323425293,0.028448939323425293,1
oxide_etch,0,2024-07-02_04,47,0.6598365306854248,0.6655353903770447,0.005698859691619873,0.005698859691619873,1
oxide_etch,0,2024-07-02_04,48,0.6115000247955322,0.6628088355064392,0.05130881071090698,0.05130881071090698,1
oxide_etch,0,2024-07-02_04,49,0.5364999771118164,0.6648855209350586,0.1283855438232422,0.1283855438232422,1
oxide_etch,0,2024-07-02_04,50,0.475117951631546,0.639951765537262,0.16483381390571594,0.16483381390571594,1
oxide_etch,0,2024-07-02_04,51,0.5424848794937134,0.644834041595459,0.1023491621017456,0.1023491621017456,1
oxide_etch,0,2024-07-02_04,52,0.6058538556098938,0.643788754940033,0.03793489933013916,0.03793489933013916,1
oxide_etch,0,2024-07-02_04,53,0.6553134918212891,0.6482658982276917,-0.007047593593597412,0.007047593593597412,1
oxide_etch,0,2024-07-02_04,54,0.6918933391571045,0.6553564667701721,-0.03653687238693237,0.03653687238693237,1
oxide_etch,0,2024-07-02_04,55,0.7093777656555176,0.6593878269195557,-0.049989938735961914,0.049989938735961914,1
oxide_etch,0,2024-07-02_04,56,0.7062506675720215,0.6579140424728394,-0.04833662509918213,0.04833662509918213,1
oxide_etch,0,2024-07-02_04,57,0.6867843270301819,0.6523143649101257,-0.03446996212005615,0.03446996212005615,1
oxide_etch,0,2024-07-02_04,58,0.6530186533927917,0.6516585350036621,-0.0013601183891296387,0.0013601183891296387,1
oxide_etch,0,2024-07-02_04,59,0.6052975058555603,0.648505687713623,0.043208181858062744,0.043208181858062744,1
oxide_etch,0,2024-07-02_04,60,0.54306960105896,0.650790274143219,0.10772067308425903,0.10772067308425903,1
oxide_etch,0,2024-07-02_04,61,0.5170616507530212,0.653459906578064,0.13639825582504272,0.13639825582504272,1
oxide_etch,0,2024-07-02_04,62,0.5799037218093872,0.6528117656707764,0.07290804386138916,0.07290804386138916,1
oxide_etch,0,2024-07-02_04,63,0.6298999786376953,0.6568174362182617,0.026917457580566406,0.026917457580566406,1
oxide_etch,0,2024-07-02_04,64,0.6611040830612183,0.662959098815918,0.001855015754699707,0.001855015754699707,1
oxide_etch,0,2024-07-02_04,65,0.6778417825698853,0.6666791439056396,-0.011162638664245605,0.011162638664245605,1
oxide_etch,0,2024-07-02_04,66,0.6775428056716919,0.665536105632782,-0.012006700038909912,0.012006700038909912,1
oxide_etch,0,2024-07-02_04,67,0.6594281792640686,0.6626858711242676,0.0032576918601989746,0.0032576918601989746,1
oxide_etch,0,2024-07-02_04,68,0.6294536590576172,0.6618450880050659,0.03239142894744873,0.03239142894744873,1
oxide_etch,0,2024-07-02_04,69,0.5790011882781982,0.6600617170333862,0.08106052875518799,0.08106052875518799,1
oxide_etch,0,2024-07-02_04,70,0.46389999985694885,0.6477145552635193,0.18381455540657043,0.18381455540657043,1
oxide_etch,0,2024-07-02_04,71,0.5399205684661865,0.6488511562347412,0.10893058776855469,0.10893058776855469,1
oxide_etch,0,2024-07-02_04,72,0.5858576893806458,0.6519976258277893,0.06613993644714355,0.06613993644714355,1
oxide_etch,0,2024-07-02_04,73,0.6179053783416748,0.6586524844169617,0.040747106075286865,0.040747106075286865,1
oxide_etch,0,2024-07-02_04,74,0.6333695650100708,0.6608285903930664,0.027459025382995605,0.027459025382995605,1
oxide_etch,0,2024-07-02_04,75,0.6336451172828674,0.6615026593208313,0.027857542037963867,0.027857542037963867,1
oxide_etch,0,2024-07-02_04,76,0.619001567363739,0.6577339172363281,0.03873234987258911,0.03873234987258911,1
oxide_etch,0,2024-07-02_04,77,0.5864236950874329,0.6576686501502991,0.07124495506286621,0.07124495506286621,1
oxide_etch,0,2024-07-02_04,78,0.5353999733924866,0.6546705365180969,0.11927056312561035,0.11927056312561035,1
oxide_etch,0,2024-07-02_04,79,0.4722000062465668,0.6639643311500549,0.19176432490348816,0.19176432490348816,1
oxide_etch,0,2024-07-02_04,80,0.5281139016151428,0.6666369438171387,0.13852304220199585,0.13852304220199585,1
oxide_etch,0,2024-07-02_04,81,0.5581111311912537,0.672896146774292,0.11478501558303833,0.11478501558303833,1
oxide_etch,0,2024-07-02_04,82,0.573219358921051,0.6756188869476318,0.10239952802658081,0.10239952802658081,1
oxide_etch,0,2024-07-02_04,83,0.5729759931564331,0.675410270690918,0.10243427753448486,0.10243427753448486,1
oxide_etch,0,2024-07-02_04,84,0.5562768578529358,0.6717550754547119,0.11547821760177612,0.11547821760177612,1
oxide_etch,0,2024-07-02_04,85,0.5217999815940857,0.6717736721038818,0.14997369050979614,0.14997369050979614,1
oxide_etch,0,2024-07-02_04,86,0.4978055953979492,0.6649573445320129,0.16715174913406372,0.16715174913406372,1
oxide_etch,0,2024-07-02_04,87,0.4964999854564667,0.6679077744483948,0.1714077889919281,0.1714077889919281,1
oxide_etch,0,2024-07-02_04,88,0.511857807636261,0.6665248274803162,0.15466701984405518,0.15466701984405518,1
oxide_etch,0,2024-07-02_05,0,0.47661736607551575,0.655055582523346,0.1784382164478302,0.1784382164478302,1
oxide_etch,0,2024-07-02_05,1,0.45829999446868896,0.6584790945053101,0.2001791000366211,0.2001791000366211,1
oxide_etch,0,2024-07-02_05,2,0.4910566508769989,0.6609058976173401,0.1698492467403412,0.1698492467403412,1
oxide_etch,0,2024-07-02_05,3,0.43860000371932983,0.6532518863677979,0.21465188264846802,0.21465188264846802,1
oxide_etch,0,2024-07-02_05,4,0.5105604529380798,0.657414436340332,0.1468539834022522,0.1468539834022522,1
oxide_etch,0,2024-07-02_05,5,0.5446017384529114,0.6643952131271362,0.11979347467422485,0.11979347467422485,1
oxide_etch,0,2024-07-02_05,6,0.559813380241394,0.668045163154602,0.10823178291320801,0.10823178291320801,1
oxide_etch,0,2024-07-02_05,7,0.559282660484314,0.6684072017669678,0.10912454128265381,0.10912454128265381,1
oxide_etch,0,2024-07-02_05,8,0.5378772020339966,0.6649061441421509,0.1270289421081543,0.1270289421081543,1
oxide_etch,0,2024-07-02_05,9,0.48410001397132874,0.6626794934272766,0.17857947945594788,0.17857947945594788,1
oxide_etch,0,2024-07-02_05,10,0.43880000710487366,0.640666663646698,0.20186665654182434,0.20186665654182434,1
oxide_etch,0,2024-07-02_05,11,0.5258395075798035,0.6414823532104492,0.11564284563064575,0.11564284563064575,1
oxide_etch,0,2024-07-02_05,12,0.5728555917739868,0.6451923847198486,0.07233679294586182,0.07233679294586182,1
oxide_etch,0,2024-07-02_05,13,0.6070662140846252,0.6523348093032837,0.04526859521865845,0.04526859521865845,1
oxide_etch,0,2024-07-02_05,14,0.6220195293426514,0.6568412184715271,0.03482168912887573,0.03482168912887573,1
oxide_etch,0,2024-07-02_05,15,0.6218724846839905,0.6573468446731567,0.03547435998916626,0.03547435998916626,1
oxide_etch,0,2024-07-02_05,16,0.6047019362449646,0.6526869535446167,0.0479850172996521,0.0479850172996521,1
oxide_etch,0,2024-07-02_05,17,0.5670514106750488,0.6506398320198059,0.08358842134475708,0.08358842134475708,1
oxide_etch,0,2024-07-02_05,18,0.4982999861240387,0.6476362943649292,0.1493363082408905,0.1493363082408905,1
oxide_etch,0,2024-07-02_05,19,0.505755603313446,0.6500546336174011,0.14429903030395508,0.14429903030395508,1
oxide_etch,0,2024-07-02_05,20,0.5694627165794373,0.6508302688598633,0.08136755228042603,0.08136755228042603,1
oxide_etch,0,2024-07-02_05,21,0.6184632182121277,0.6548505425453186,0.03638732433319092,0.03638732433319092,1
oxide_etch,0,2024-07-02_05,22,0.6510047912597656,0.6602535843849182,0.009248793125152588,0.009248793125152588,1
oxide_etch,0,2024-07-02_05,23,0.6669031381607056,0.6642118692398071,-0.0026912689208984375,0.0026912689208984375,1
oxide_etch,0,2024-07-02_05,24,0.6655373573303223,0.6642842292785645,-0.0012531280517578125,0.0012531280517578125,1
oxide_etch,0,2024-07-02_05,25,0.6479284167289734,0.6618108749389648,0.013882458209991455,0.013882458209991455,1
oxide_etch,0,2024-07-02_05,26,0.6152607798576355,0.6591795682907104,0.04391878843307495,0.04391878843307495,1
oxide_etch,0,2024-07-02_05,27,0.5609524250030518,0.6568577885627747,0.0959053635597229,0.0959053635597229,1
oxide_etch,0,2024-07-02_05,28,0.46858862042427063,0.6412755846977234,0.17268696427345276,0.17268696427345276,1
oxide_etch,0,2024-07-02_05,29,0.5350472927093506,0.6452084183692932,0.11016112565994263,0.11016112565994263,1
oxide_etch,0,2024-07-02_05,30,0.5972450375556946,0.6466423869132996,0.04939734935760498,0.04939734935760498,1
oxide_etch,0,2024-07-02_05,31,0.646438717842102,0.6500393152236938,0.003600597381591797,0.003600597381591797,1
oxide_etch,0,2024-07-02_05,32,0.6814618706703186,0.6567261219024658,-0.024735748767852783,0.024735748767852783,1
oxide_etch,0,2024-07-02_05,33,0.6993990540504456,0.6603168845176697,-0.03908216953277588,0.03908216953277588,1
oxide_etch,0,2024-07-02_05,34,0.6970720291137695,0.6615073084831238,-0.03556472063064575,0.03556472063064575,1
oxide_etch,0,2024-07-02_05,35,0.6751372814178467,0.6566812992095947,-0.018455982208251953,0.018455982208251953,1
oxide_etch,0,2024-07-02_05,36,0.6418080925941467,0.6549362540245056,0.013128161430358887,0.013128161430358887,1
oxide_etch,0,2024-07-02_05,37,0.5924448370933533,0.6511388421058655,0.05869400501251221,0.05869400501251221,1
oxide_etch,0,2024-07-02_05,38,0.5325198769569397,0.6540900468826294,0.1215701699256897,0.1215701699256897,1
oxide_etch,0,2024-07-02_05,39,0.4528999924659729,0.6529824137687683,0.2000824213027954,0.2000824213027954,1
oxide_etch,0,2024-07-02_05,40,0.5441430807113647,0.6579551100730896,0.11381202936172485,0.11381202936172485,1
oxide_etch,0,2024-07-02_05,41,0.6047303080558777,0.6580600738525391,0.05332976579666138,0.05332976579666138,1
oxide_etch,0,2024-07-02_05,42,0.6557767987251282,0.6619701981544495,0.006193399429321289,0.006193399429321289,1
oxide_etch,0,2024-07-02_05,43,0.6935757994651794,0.6686649918556213,-0.024910807609558105,0.024910807609558105,1
oxide_etch,0,2024-07-02_05,44,0.714900016784668,0.6725780963897705,-0.04232192039489746,0.04232192039489746,1
oxide_etch,0,2024-07-02_05,45,0.7071366906166077,0.6716651916503906,-0.03547149896621704,0.03547149896621704,1
oxide_etch,0,2024-07-02_05,46,0.6855925917625427,0.6668018102645874,-0.018790781497955322,0.018790781497955322,1
oxide_etch,0,2024-07-02_05,47,0.6507917642593384,0.6655216217041016,0.014729857444763184,0.014729857444763184,1
oxide_etch,0,2024-07-02_05,48,0.6031000018119812,0.6627887487411499,0.0596887469291687,0.0596887469291687,1
oxide_etch,0,2024-07-02_05,49,0.5296000242233276,0.664872944355011,0.13527292013168335,0.13527292013168335,1
oxide_etch,0,2024-07-02_05,50,0.4701649248600006,0.6399039030075073,0.1697389781475067,0.1697389781475067,1
oxide_etch,0,2024-07-02_05,51,0.5356251001358032,0.6447922587394714,0.10916715860366821,0.10916715860366821,1
oxide_etch,0,2024-07-02_05,52,0.5961213707923889,0.6437472105026245,0.047625839710235596,0.047625839710235596,1
oxide_etch,0,2024-07-02_05,53,0.6464297771453857,0.648229718208313,0.001799941062927246,0.001799941062927246,1
oxide_etch,0,2024-07-02_05,54,0.6819120645523071,0.6553336381912231,-0.026578426361083984,0.026578426361083984,1
oxide_etch,0,2024-07-02_05,55,0.6991109251976013,0.6593695878982544,-0.039741337299346924,0.039741337299346924,1
oxide_etch,0,2024-07-02_05,56,0.6962473392486572,0.6578956246376038,-0.03835171461105347,0.03835171461105347,1
oxide_etch,0,2024-07-02_05,57,0.676426887512207,0.6522822976112366,-0.02414458990097046,0.02414458990097046,1
oxide_etch,0,2024-07-02_05,58,0.6437033414840698,0.6516241431236267,0.007920801639556885,0.007920801639556885,1
oxide_etch,0,2024-07-02_05,59,0.5962437987327576,0.6484622955322266,0.052218496799468994,0.052218496799468994,1
oxide_etch,0,2024-07-02_05,60,0.5351080894470215,0.6507565379142761,0.11564844846725464,0.11564844846725464,1
oxide_etch,0,2024-07-02_05,61,0.5108683705329895,0.6534373164176941,0.1425689458847046,0.1425689458847046,1
oxide_etch,0,2024-07-02_05,62,0.5722761154174805,0.6527892351150513,0.0805131196975708,0.0805131196975708,1
oxide_etch,0,2024-07-02_05,63,0.6215000152587891,0.6567978858947754,0.03529787063598633,0.03529787063598633,1
oxide_etch,0,2024-07-02_05,64,0.6522034406661987,0.6629509329795837,0.01074749231338501,0.01074749231338501,1
oxide_etch,0,2024-07-02_05,65,0.6675261855125427,0.6666751503944397,-0.0008510351181030273,0.0008510351181030273,1
oxide_etch,0,2024-07-02_05,66,0.6672569513320923,0.6655310392379761,-0.001725912094116211,0.001725912094116211,1
oxide_etch,0,2024-07-02_05,67,0.6500845551490784,0.6626716256141663,0.01258707046508789,0.01258707046508789,1
oxide_etch,0,2024-07-02_05,68,0.6203685402870178,0.661828875541687,0.04146033525466919,0.04146033525466919,1
oxide_etch,0,2024-07-02_05,69,0.5701974034309387,0.6600414514541626,0.08984404802322388,0.08984404802322388,1
oxide_etch,0,2024-07-02_05,70,0.45730000734329224,0.6476882100105286,0.19038820266723633,0.19038820266723633,1
oxide_etch,0,2024-07-02_05,71,0.5326956510543823,0.6488297581672668,0.11613410711288452,0.11613410711288452,1
oxide_etch,0,2024-07-02_05,72,0.5778058171272278,0.6519792675971985,0.0741734504699707,0.0741734504699707,1
oxide_etch,0,2024-07-02_05,73,0.6091868281364441,0.6586454510688782,0.04945862293243408,0.04945862293243408,1
oxide_etch,0,2024-07-02_05,74,0.624366819858551,0.6608258485794067,0.03645902872085571,0.03645902872085571,1
oxide_etch,0,2024-07-02_05,75,0.6244701147079468,0.6615051031112671,0.03703498840332031,0.03703498840332031,1
oxide_etch,0,2024-07-02_05,76,0.609657347202301,0.6577250361442566,0.048067688941955566,0.048067688941955566,1
oxide_etch,0,2024-07-02_05,77,0.5770395994186401,0.657655656337738,0.0806160569190979,0.0806160569190979,1
oxide_etch,0,2024-07-02_05,78,0.5270000100135803,0.6546496748924255,0.12764966487884521,0.12764966487884521,1
oxide_etch,0,2024-07-02_05,79,0.4636000096797943,0.6639707088470459,0.2003706991672516,0.2003706991672516,1
oxide_etch,0,2024-07-02_05,80,0.5202526450157166,0.6666443943977356,0.14639174938201904,0.14639174938201904,1
oxide_etch,0,2024-07-02_05,81,0.5499610900878906,0.6729158759117126,0.12295478582382202,0.12295478582382202,1
oxide_etch,0,2024-07-02_05,82,0.5645158290863037,0.675640881061554,0.11112505197525024,0.11112505197525024,1
oxide_etch,0,2024-07-02_05,83,0.5641177892684937,0.6754347681999207,0.111316978931427,0.111316978931427,1
oxide_etch,0,2024-07-02_05,84,0.5471268892288208,0.6717692017555237,0.12464231252670288,0.12464231252670288,1
oxide_etch,0,2024-07-02_05,85,0.5113000273704529,0.6717866659164429,0.16048663854599,0.16048663854599,1
oxide_etch,0,2024-07-02_05,86,0.48942944407463074,0.664968729019165,0.1755392849445343,0.1755392849445343,1
oxide_etch,0,2024-07-02_05,87,0.4860999882221222,0.6679232120513916,0.1818232238292694,0.1818232238292694,1
oxide_etch,0,2024-07-02_05,88,0.5027238726615906,0.6665412187576294,0.16381734609603882,0.16381734609603882,1
oxide_etch,0,2024-07-02_06,0,0.47747156023979187,0.6551567316055298,0.17768517136573792,0.17768517136573792,1
oxide_etch,0,2024-07-02_06,1,0.45660001039505005,0.6585700511932373,0.20197004079818726,0.20197004079818726,1
oxide_etch,0,2024-07-02_06,2,0.48979848623275757,0.6609898209571838,0.17119133472442627,0.17119133472442627,1
oxide_etch,0,2024-07-02_06,3,0.4390000104904175,0.6533719301223755,0.214371919631958,0.214371919631958,1
oxide_etch,0,2024-07-02_06,4,0.5104825496673584,0.6575191617012024,0.147036612033844,0.147036612033844,1
oxide_etch,0,2024-07-02_06,5,0.5441163778305054,0.6644763946533203,0.12036001682281494,0.12036001682281494,1
oxide_etch,0,2024-07-02_06,6,0.5586763620376587,0.6681193113327026,0.10944294929504395,0.10944294929504395,1
oxide_etch,0,2024-07-02_06,7,0.5582767128944397,0.6684842705726624,0.11020755767822266,0.11020755767822266,1
oxide_etch,0,2024-07-02_06,8,0.5360923409461975,0.6649991273880005,0.12890678644180298,0.12890678644180298,1
oxide_etch,0,2024-07-02_06,9,0.4814999997615814,0.6627783179283142,0.1812783181667328,0.1812783181667328,1
oxide_etch,0,2024-07-02_06,10,0.42800000309944153,0.6408178210258484,0.21281781792640686,0.21281781792640686,1
oxide_etch,0,2024-07-02_06,11,0.5258148908615112,0.6416336297988892,0.11581873893737793,0.11581873893737793,1
oxide_etch,0,2024-07-02_06,12,0.5727896690368652,0.6453283429145813,0.07253867387771606,0.07253867387771606,1
oxide_etch,0,2024-07-02_06,13,0.6066330075263977,0.6524470448493958,0.04581403732299805,0.04581403732299805,1
oxide_etch,0,2024-07-02_06,14,0.6216508746147156,0.6569405794143677,0.0352897047996521,0.0352897047996521,1
oxide_etch,0,2024-07-02_06,15,0.621434211730957,0.6574501991271973,0.036015987396240234,0.036015987396240234,1
oxide_etch,0,2024-07-02_06,16,0.6037827134132385,0.6528123021125793,0.04902958869934082,0.04902958869934082,1
oxide_etch,0,2024-07-02_06,17,0.5659054517745972,0.6507776379585266,0.08487218618392944,0.08487218618392944,1
oxide_etch,0,2024-07-02_06,18,0.49619999527931213,0.6477847695350647,0.15158477425575256,0.15158477425575256,1
oxide_etch,0,2024-07-02_06,19,0.5058131814002991,0.6501737236976624,0.14436054229736328,0.14436054229736328,1
oxide_etch,0,2024-07-02_06,20,0.5693127512931824,0.6509520411491394,0.08163928985595703,0.08163928985595703,1
oxide_etch,0,2024-07-02_06,21,0.6185042262077332,0.6549590826034546,0.036454856395721436,0.036454856395721436,1
oxide_etch,0,2024-07-02_06,22,0.6511483788490295,0.6603414416313171,0.009193062782287598,0.009193062782287598,1
oxide_etch,0,2024-07-02_06,23,0.6670621633529663,0.6642903089523315,-0.0027718544006347656,0.0027718544006347656,1
oxide_etch,0,2024-07-02_06,24,0.6656171679496765,0.6643691658973694,-0.001248002052307129,0.001248002052307129,1
oxide_etch,0,2024-07-02_06,25,0.6474136114120483,0.6619102954864502,0.014496684074401855,0.014496684074401855,1
oxide_etch,0,2024-07-02_06,26,0.6143168807029724,0.6592870354652405,0.044970154762268066,0.044970154762268066,1
oxide_etch,0,2024-07-02_06,27,0.5595764517784119,0.6569699048995972,0.0973934531211853,0.0973934531211853,1
oxide_etch,0,2024-07-02_06,28,0.4686363935470581,0.6414310932159424,0.17279469966888428,0.17279469966888428,1
oxide_etch,0,2024-07-02_06,29,0.535025954246521,0.6453493237495422,0.11032336950302124,0.11032336950302124,1
oxide_etch,0,2024-07-02_06,30,0.5971517562866211,0.646778404712677,0.04962664842605591,0.04962664842605591,1
oxide_etch,0,2024-07-02_06,31,0.6463731527328491,0.6501654386520386,0.003792285919189453,0.003792285919189453,1
oxide_etch,0,2024-07-02_06,32,0.6820398569107056,0.656826376914978,-0.02521347999572754,0.02521347999572754,1
oxide_etch,0,2024-07-02_06,33,0.7000108361244202,0.660407543182373,-0.03960329294204712,0.03960329294204712,1
oxide_etch,0,2024-07-02_06,34,0.6975273489952087,0.6615927219390869,-0.035934627056121826,0.035934627056121826,1
oxide_etch,0,2024-07-02_06,35,0.6753312349319458,0.6567890644073486,-0.018542170524597168,0.018542170524597168,1
oxide_etch,0,2024-07-02_06,36,0.6413715481758118,0.6550518870353699,0.013680338859558105,0.013680338859558105,1
oxide_etch,0,2024-07-02_06,37,0.591654360294342,0.6512693166732788,0.05961495637893677,0.05961495637893677,1
oxide_etch,0,2024-07-02_06,38,0.5306314826011658,0.6542006134986877,0.12356913089752197,0.12356913089752197,1
oxide_etch,0,2024-07-02_06,39,0.4535999894142151,0.6531134843826294,0.1995134949684143,0.1995134949684143,1
oxide_etch,0,2024-07-02_06,40,0.544266402721405,0.6580731272697449,0.11380672454833984,0.11380672454833984,1
oxide_etch,0,2024-07-02_06,41,0.6066757440567017,0.6581740379333496,0.05149829387664795,0.05149829387664795,1
oxide_etch,0,2024-07-02_06,42,0.655962347984314,0.6620767116546631,0.006114363670349121,0.006114363670349121,1
oxide_etch,0,2024-07-02_06,43,0.693851113319397,0.6687414646148682,-0.02510964870452881,0.02510964870452881,1
oxide_etch,0,2024-07-02_06,44,0.7153000235557556,0.6726515889167786,-0.04264843463897705,0.04264843463897705,1
oxide_etch,0,2024-07-02_06,45,0.7075307369232178,0.6717373132705688,-0.035793423652648926,0.035793423652648926,1
oxide_etch,0,2024-07-02_06,46,0.6856140494346619,0.6668965220451355,-0.018717527389526367,0.018717527389526367,1
oxide_etch,0,2024-07-02_06,47,0.6504248976707458,0.6656160354614258,0.015191137790679932,0.015191137790679932,1
oxide_etch,0,2024-07-02_06,48,0.6022999882698059,0.662895143032074,0.060595154762268066,0.060595154762268066,1
oxide_etch,0,2024-07-02_06,49,0.527899980545044,0.6649642586708069,0.13706427812576294,0.13706427812576294,1
oxide_etch,0,2024-07-02_06,50,0.47015637159347534,0.6400724649429321,0.1699160933494568,0.1699160933494568,1
oxide_etch,0,2024-07-02_06,51,0.5358946919441223,0.6449448466300964,0.10905015468597412,0.10905015468597412,1
oxide_etch,0,2024-07-02_06,52,0.5976606607437134,0.6439003348350525,0.04623967409133911,0.04623967409133911,1
oxide_etch,0,2024-07-02_06,53,0.6464483737945557,0.6483715176582336,0.0019231438636779785,0.0019231438636779785,1
oxide_etch,0,2024-07-02_06,54,0.6819034218788147,0.655449628829956,-0.026453793048858643,0.026453793048858643,1
oxide_etch,0,2024-07-02_06,55,0.6991631388664246,0.6594752669334412,-0.0396878719329834,0.0396878719329834,1
oxide_etch,0,2024-07-02_06,56,0.6963860988616943,0.6580013632774353,-0.03838473558425903,0.03838473558425903,1
oxide_etch,0,2024-07-02_06,57,0.6766139268875122,0.6524147987365723,-0.02419912815093994,0.02419912815093994,1
oxide_etch,0,2024-07-02_06,58,0.6439366936683655,0.6517638564109802,0.007827162742614746,0.007827162742614746,1
oxide_etch,0,2024-07-02_06,59,0.5960114598274231,0.6486163139343262,0.052604854106903076,0.052604854106903076,1
oxide_etch,0,2024-07-02_06,60,0.5348008871078491,0.6508938074111938,0.11609292030334473,0.11609292030334473,1
oxide_etch,0,2024-07-02_06,61,0.5105054974555969,0.6535549759864807,0.1430494785308838,0.1430494785308838,1
oxide_etch,0,2024-07-02_06,62,0.5719112753868103,0.6529068946838379,0.08099561929702759,0.08099561929702759,1
oxide_etch,0,2024-07-02_06,63,0.6208999752998352,0.6569088697433472,0.03600889444351196,0.03600889444351196,1
oxide_etch,0,2024-07-02_06,64,0.6517781615257263,0.6630381345748901,0.011259973049163818,0.011259973049163818,1
oxide_etch,0,2024-07-02_06,65,0.6675513982772827,0.6667547821998596,-0.0007966160774230957,0.0007966160774230957,1
oxide_etch,0,2024-07-02_06,66,0.6676519513130188,0.6656113266944885,-0.0020406246185302734,0.0020406246185302734,1
oxide_etch,0,2024-07-02_06,67,0.6508592963218689,0.6627696752548218,0.01191037893295288,0.01191037893295288,1
oxide_etch,0,2024-07-02_06,68,0.6214216351509094,0.661931574344635,0.040509939193725586,0.040509939193725586,1
oxide_etch,0,2024-07-02_06,69,0.5716530680656433,0.6601499319076538,0.0884968638420105,0.0884968638420105,1
oxide_etch,0,2024-07-02_06,70,0.4577000141143799,0.6478129625320435,0.19011294841766357,0.19011294841766357,1
oxide_etch,0,2024-07-02_06,71,0.5321916341781616,0.6489463448524475,0.11675471067428589,0.11675471067428589,1
oxide_etch,0,2024-07-02_06,72,0.5769700407981873,0.6520888805389404,0.07511883974075317,0.07511883974075317,1
oxide_etch,0,2024-07-02_06,73,0.6086506843566895,0.658732533454895,0.050081849098205566,0.050081849098205566,1
oxide_etch,0,2024-07-02_06,74,0.6242614388465881,0.6609044671058655,0.036643028259277344,0.036643028259277344,1
oxide_etch,0,2024-07-02_06,75,0.6249884366989136,0.6615747213363647,0.03658628463745117,0.03658628463745117,1
oxide_etch,0,2024-07-02_06,76,0.6109188199043274,0.6578160524368286,0.04689723253250122,0.04689723253250122,1
oxide_etch,0,2024-07-02_06,77,0.5790262222290039,0.6577550768852234,0.07872885465621948,0.07872885465621948,1
oxide_etch,0,2024-07-02_06,78,0.5291000008583069,0.6547604203224182,0.12566041946411133,0.12566041946411133,1
oxide_etch,0,2024-07-02_06,79,0.46389999985694885,0.6640365719795227,0.20013657212257385,0.20013657212257385,1
oxide_etch,0,2024-07-02_06,80,0.5199412703514099,0.6667075753211975,0.1467663049697876,0.1467663049697876,1
oxide_etch,0,2024-07-02_06,81,0.5496824383735657,0.6729515790939331,0.12326914072036743,0.12326914072036743,1
oxide_etch,0,2024-07-02_06,82,0.5642876029014587,0.6756755113601685,0.11138790845870972,0.11138790845870972,1
oxide_etch,0,2024-07-02_06,83,0.5646592974662781,0.6754622459411621,0.11080294847488403,0.11080294847488403,1
oxide_etch,0,2024-07-02_06,84,0.5490530729293823,0.6718191504478455,0.12276607751846313,0.12276607751846313,1
oxide_etch,0,2024-07-02_06,85,0.5139999985694885,0.6718385219573975,0.15783852338790894,0.15783852338790894,1
oxide_etch,0,2024-07-02_06,86,0.49014484882354736,0.6650243997573853,0.1748795509338379,0.1748795509338379,1
oxide_etch,0,2024-07-02_06,87,0.4862000048160553,0.6679714322090149,0.1817714273929596,0.1817714273929596,1
oxide_etch,0,2024-07-02_06,88,0.5045430660247803,0.6665892004966736,0.1620461344718933,0.1620461344718933,1
oxide_etch,0,2024-07-02_08,0,0.4718787670135498,0.654990017414093,0.1831112504005432,0.1831112504005432,1
oxide_etch,0,2024-07-02_08,1,0.4530999958515167,0.6584144830703735,0.2053144872188568,0.2053144872188568,1
oxide_etch,0,2024-07-02_08,2,0.48526549339294434,0.660837709903717,0.1755722165107727,0.1755722165107727,1
oxide_etch,0,2024-07-02_08,3,0.4341999888420105,0.6531898379325867,0.21898984909057617,0.21898984909057617,1
oxide_etch,0,2024-07-02_08,4,0.5047482252120972,0.6573526859283447,0.15260446071624756,0.15260446071624756,1
oxide_etch,0,2024-07-02_08,5,0.5383708477020264,0.6643301248550415,0.12595927715301514,0.12595927715301514,1
oxide_etch,0,2024-07-02_08,6,0.5538029670715332,0.6679816246032715,0.11417865753173828,0.11417865753173828,1
oxide_etch,0,2024-07-02_08,7,0.5537899732589722,0.6683406829833984,0.11455070972442627,0.11455070972442627,1
oxide_etch,0,2024-07-02_08,8,0.5328181982040405,0.6648404002189636,0.1320222020149231,0.1320222020149231,1
oxide_etch,0,2024-07-02_08,9,0.47780001163482666,0.6626121997833252,0.18481218814849854,0.18481218814849854,1
oxide_etch,0,2024-07-02_08,10,0.4309000074863434,0.6406074166297913,0.20970740914344788,0.20970740914344788,1
oxide_etch,0,2024-07-02_08,11,0.5184149146080017,0.6414209604263306,0.12300604581832886,0.12300604581832886,1
oxide_etch,0,2024-07-02_08,12,0.5662339329719543,0.6451317071914673,0.07889777421951294,0.07889777421951294,1
oxide_etch,0,2024-07-02_08,13,0.5992651581764221,0.6522709131240845,0.053005754947662354,0.053005754947662354,1
oxide_etch,0,2024-07-02_08,14,0.6150645613670349,0.6567787528038025,0.04171419143676758,0.04171419143676758,1
oxide_etch,0,2024-07-02_08,15,0.6151570677757263,0.6572816371917725,0.04212456941604614,0.04212456941604614,1
oxide_etch,0,2024-07-02_08,16,0.5980097651481628,0.652622640132904,0.05461287498474121,0.05461287498474121,1
oxide_etch,0,2024-07-02_08,17,0.5617564916610718,0.6505733132362366,0.0888168215751648,0.0888168215751648,1
oxide_etch,0,2024-07-02_08,18,0.4982999861240387,0.6475711464881897,0.149271160364151,0.149271160364151,1
oxide_etch,0,2024-07-02_08,19,0.4978603422641754,0.6499953269958496,0.1521349847316742,0.1521349847316742,1
oxide_etch,0,2024-07-02_08,20,0.5618420243263245,0.65076744556427,0.08892542123794556,0.08892542123794556,1
oxide_etch,0,2024-07-02_08,21,0.6105704307556152,0.6547878384590149,0.04421740770339966,0.04421740770339966,1
oxide_etch,0,2024-07-02_08,22,0.6442572474479675,0.6601884365081787,0.01593118906021118,0.01593118906021118,1
oxide_etch,0,2024-07-02_08,23,0.6594052910804749,0.6641476154327393,0.004742324352264404,0.004742324352264404,1
oxide_etch,0,2024-07-02_08,24,0.6583397388458252,0.6642171740531921,0.005877435207366943,0.005877435207366943,1
oxide_etch,0,2024-07-02_08,25,0.6395105719566345,0.6617444753646851,0.022233903408050537,0.022233903408050537,1
oxide_etch,0,2024-07-02_08,26,0.6080149412155151,0.6591128706932068,0.05109792947769165,0.05109792947769165,1
oxide_etch,0,2024-07-02_08,27,0.556068480014801,0.6567922234535217,0.1007237434387207,0.1007237434387207,1
oxide_etch,0,2024-07-02_08,28,0.4610958993434906,0.6412173509597778,0.18012145161628723,0.18012145161628723,1
oxide_etch,0,2024-07-02_08,29,0.5275222659111023,0.6451492309570312,0.11762696504592896,0.11762696504592896,1
oxide_etch,0,2024-07-02_08,30,0.5889284610748291,0.6465798616409302,0.057651400566101074,0.057651400566101074,1
oxide_etch,0,2024-07-02_08,31,0.638150691986084,0.6499768495559692,0.011826157569885254,0.011826157569885254,1
oxide_etch,0,2024-07-02_08,32,0.6739197969436646,0.656659722328186,-0.017260074615478516,0.017260074615478516,1
oxide_etch,0,2024-07-02_08,33,0.6918607354164124,0.6602501273155212,-0.03161060810089111,0.03161060810089111,1
oxide_etch,0,2024-07-02_08,34,0.6886213421821594,0.6614384651184082,-0.02718287706375122,0.02718287706375122,1
oxide_etch,0,2024-07-02_08,35,0.6659464240074158,0.6566151976585388,-0.009331226348876953,0.009331226348876953,1
oxide_etch,0,2024-07-02_08,36,0.6333259344100952,0.654869019985199,0.02154308557510376,0.02154308557510376,1
oxide_etch,0,2024-07-02_08,37,0.5841590762138367,0.6510718464851379,0.06691277027130127,0.06691277027130127,1
oxide_etch,0,2024-07-02_08,38,0.5251157879829407,0.6540213823318481,0.12890559434890747,0.12890559434890747,1
oxide_etch,0,2024-07-02_08,39,0.4458000063896179,0.6529237627983093,0.2071237564086914,0.2071237564086914,1
oxide_etch,0,2024-07-02_08,40,0.5368030071258545,0.6578962802886963,0.1210932731628418,0.1210932731628418,1
oxide_etch,0,2024-07-02_08,41,0.5981665253639221,0.6579983234405518,0.05983179807662964,0.05983179807662964,1
oxide_etch,0,2024-07-02_08,42,0.6477340459823608,0.6619082689285278,0.014174222946166992,0.014174222946166992,1
oxide_etch,0,2024-07-02_08,43,0.685378909111023,0.6685979962348938,-0.01678091287612915,0.01678091287612915,1
oxide_etch,0,2024-07-02_08,44,0.7056999802589417,0.6725107431411743,-0.033189237117767334,0.033189237117767334,1
oxide_etch,0,2024-07-02_08,45,0.6978495121002197,0.6715957522392273,-0.02625375986099243,0.02625375986099243,1
oxide_etch,0,2024-07-02_08,46,0.6758133172988892,0.6667352914810181,-0.009078025817871094,0.009078025817871094,1
oxide_etch,0,2024-07-02_08,47,0.6414928436279297,0.6654542088508606,0.023961365222930908,0.023961365222930908,1
oxide_etch,0,2024-07-02_08,48,0.5936999917030334,0.6627222895622253,0.0690222978591919,0.0690222978591919,1
oxide_etch,0,2024-07-02_08,49,0.5235000252723694,0.6648056507110596,0.14130562543869019,0.14130562543869019,1
oxide_etch,0,2024-07-02_08,50,0.4620271623134613,0.6398482918739319,0.17782112956047058,0.17782112956047058,1
oxide_etch,0,2024-07-02_08,51,0.5281974077224731,0.6447356939315796,0.11653828620910645,0.11653828620910645,1
oxide_etch,0,2024-07-02_08,52,0.5886035561561584,0.6436886787414551,0.05508512258529663,0.05508512258529663,1
oxide_etch,0,2024-07-02_08,53,0.6370681524276733,0.6481707096099854,0.011102557182312012,0.011102557182312012,1
oxide_etch,0,2024-07-02_08,54,0.6717483997344971,0.6552702784538269,-0.016478121280670166,0.016478121280670166,1
oxide_etch,0,2024-07-02_08,55,0.6888516545295715,0.6593048572540283,-0.029546797275543213,0.029546797275543213,1
oxide_etch,0,2024-07-02_08,56,0.6858379244804382,0.6578294634819031,-0.028008460998535156,0.028008460998535156,1
oxide_etch,0,2024-07-02_08,57,0.665099561214447,0.6522182822227478,-0.012881278991699219,0.012881278991699219,1
oxide_etch,0,2024-07-02_08,58,0.6328492164611816,0.6515589356422424,0.01870971918106079,0.01870971918106079,1
oxide_etch,0,2024-07-02_08,59,0.5851242542266846,0.6483968496322632,0.06327259540557861,0.06327259540557861,1
oxide_etch,0,2024-07-02_08,60,0.5289987325668335,0.6506907343864441,0.1216920018196106,0.1216920018196106,1
oxide_etch,0,2024-07-02_08,61,0.5029463768005371,0.6533820033073425,0.15043562650680542,0.15043562650680542,1
oxide_etch,0,2024-07-02_08,62,0.5632805228233337,0.6527318954467773,0.0894513726234436,0.0894513726234436,1
oxide_etch,0,2024-07-02_08,63,0.6110000014305115,0.6567392349243164,0.04573923349380493,0.04573923349380493,1
oxide_etch,0,2024-07-02_08,64,0.6420732140541077,0.6628892421722412,0.020816028118133545,0.020816028118133545,1
oxide_etch,0,2024-07-02_08,65,0.6561013460159302,0.6666111946105957,0.010509848594665527,0.010509848594665527,1
oxide_etch,0,2024-07-02_08,66,0.6558163166046143,0.6654659509658813,0.00964963436126709,0.00964963436126709,1
oxide_etch,0,2024-07-02_08,67,0.6386234760284424,0.6626074314117432,0.02398395538330078,0.02398395538330078,1
oxide_etch,0,2024-07-02_08,68,0.6087628602981567,0.6617652773857117,0.05300241708755493,0.05300241708755493,1
oxide_etch,0,2024-07-02_08,69,0.5598139762878418,0.6599770784378052,0.10016310214996338,0.10016310214996338,1
oxide_etch,0,2024-07-02_08,70,0.4499000012874603,0.6476304531097412,0.19773045182228088,0.19773045182228088,1
oxide_etch,0,2024-07-02_08,71,0.5235049724578857,0.6487705111503601,0.12526553869247437,0.12526553869247437,1
oxide_etch,0,2024-07-02_08,72,0.5681329369544983,0.6519184708595276,0.0837855339050293,0.0837855339050293,1
oxide_etch,0,2024-07-02_08,73,0.5977587103843689,0.6585811972618103,0.060822486877441406,0.060822486877441406,1
oxide_etch,0,2024-07-02_08,74,0.6125074625015259,0.6607591509819031,0.0482516884803772,0.0482516884803772,1
oxide_etch,0,2024-07-02_08,75,0.6122989654541016,0.6614375114440918,0.049138545989990234,0.049138545989990234,1
oxide_etch,0,2024-07-02_08,76,0.5971847772598267,0.6576592922210693,0.060474514961242676,0.060474514961242676,1
oxide_etch,0,2024-07-02_08,77,0.5652220845222473,0.6575897336006165,0.09236764907836914,0.09236764907836914,1
oxide_etch,0,2024-07-02_08,78,0.5180000066757202,0.6545825600624084,0.13658255338668823,0.13658255338668823,1
oxide_etch,0,2024-07-02_08,79,0.45570001006126404,0.6639102101325989,0.20821020007133484,0.20821020007133484,1
oxide_etch,0,2024-07-02_08,80,0.5107817649841309,0.6665829420089722,0.1558011770248413,0.1558011770248413,1
oxide_etch,0,2024-07-02_08,81,0.5398240089416504,0.6728494763374329,0.13302546739578247,0.13302546739578247,1
oxide_etch,0,2024-07-02_08,82,0.5535924434661865,0.6755731105804443,0.12198066711425781,0.12198066711425781,1
oxide_etch,0,2024-07-02_08,83,0.552890419960022,0.6753659844398499,0.12247556447982788,0.12247556447982788,1
oxide_etch,0,2024-07-02_08,84,0.5367535352706909,0.6717024445533752,0.13494890928268433,0.13494890928268433,1
oxide_etch,0,2024-07-02_08,85,0.503600001335144,0.6717190742492676,0.16811907291412354,0.16811907291412354,1
oxide_etch,0,2024-07-02_08,86,0.47977414727211,0.6649030447006226,0.18512889742851257,0.18512889742851257,1
oxide_etch,0,2024-07-02_08,87,0.4781999886035919,0.6678566932678223,0.18965670466423035,0.18965670466423035,1
oxide_etch,0,2024-07-02_08,88,0.4949280917644501,0.6664736270904541,0.17154553532600403,0.17154553532600403,1
oxide_etch,0,2024-07-02_09,0,0.47264882922172546,0.6550598740577698,0.1824110448360443,0.1824110448360443,1
oxide_etch,0,2024-07-02_09,1,0.45280003547668457,0.6584792733192444,0.20567923784255981,0.20567923784255981,1
oxide_etch,0,2024-07-02_09,2,0.4861602783203125,0.6608923673629761,0.17473208904266357,0.17473208904266357,1
oxide_etch,0,2024-07-02_09,3,0.4350999891757965,0.6532802581787109,0.21818026900291443,0.21818026900291443,1
oxide_etch,0,2024-07-02_09,4,0.5047085285186768,0.65743088722229,0.15272235870361328,0.15272235870361328,1
oxide_etch,0,2024-07-02_09,5,0.5387002825737,0.6643924713134766,0.1256921887397766,0.1256921887397766,1
oxide_etch,0,2024-07-02_09,6,0.5531011819839478,0.6680416464805603,0.11494046449661255,0.11494046449661255,1
oxide_etch,0,2024-07-02_09,7,0.5529096126556396,0.6684003472328186,0.11549073457717896,0.11549073457717896,1
oxide_etch,0,2024-07-02_09,8,0.5313862562179565,0.6649121642112732,0.13352590799331665,0.13352590799331665,1
oxide_etch,0,2024-07-02_09,9,0.47679999470710754,0.6626870036125183,0.18588700890541077,0.18588700890541077,1
oxide_etch,0,2024-07-02_09,10,0.43529999256134033,0.6407167911529541,0.20541679859161377,0.20541679859161377,1
oxide_etch,0,2024-07-02_09,11,0.5199486613273621,0.6415308713912964,0.12158221006393433,0.12158221006393433,1
oxide_etch,0,2024-07-02_09,12,0.5670605301856995,0.645229160785675,0.07816863059997559,0.07816863059997559,1
oxide_etch,0,2024-07-02_09,13,0.6003354787826538,0.652350664138794,0.05201518535614014,0.05201518535614014,1
oxide_etch,0,2024-07-02_09,14,0.6152924299240112,0.6568512320518494,0.041558802127838135,0.041558802127838135,1
oxide_etch,0,2024-07-02_09,15,0.6150966882705688,0.6573548316955566,0.04225814342498779,0.04225814342498779,1
oxide_etch,0,2024-07-02_09,16,0.5976366996765137,0.6527140140533447,0.055077314376831055,0.055077314376831055,1
oxide_etch,0,2024-07-02_09,17,0.5604029893875122,0.6506739258766174,0.09027093648910522,0.09027093648910522,1
oxide_etch,0,2024-07-02_09,18,0.49369996786117554,0.647682249546051,0.1539822816848755,0.1539822816848755,1
oxide_etch,0,2024-07-02_09,19,0.49967116117477417,0.6500855088233948,0.1504143476486206,0.1504143476486206,1
oxide_etch,0,2024-07-02_09,20,0.5631049275398254,0.6508607268333435,0.08775579929351807,0.08775579929351807,1
oxide_etch,0,2024-07-02_09,21,0.6122464537620544,0.6548706889152527,0.04262423515319824,0.04262423515319824,1
oxide_etch,0,2024-07-02_09,22,0.6453362107276917,0.6602562069892883,0.01491999626159668,0.01491999626159668,1
oxide_etch,0,2024-07-02_09,23,0.6608920693397522,0.6642097234725952,0.0033176541328430176,0.0033176541328430176,1
oxide_etch,0,2024-07-02_09,24,0.659307062625885,0.6642819046974182,0.004974842071533203,0.004974842071533203,1
oxide_etch,0,2024-07-02_09,25,0.6410989761352539,0.6618210673332214,0.02072209119796753,0.02072209119796753,1
oxide_etch,0,2024-07-02_09,26,0.6078044176101685,0.6591954231262207,0.051391005516052246,0.051391005516052246,1
oxide_etch,0,2024-07-02_09,27,0.5541265606880188,0.6568788886070251,0.10275232791900635,0.10275232791900635,1
oxide_etch,0,2024-07-02_09,28,0.4642077088356018,0.6413346529006958,0.177126944065094,0.177126944065094,1
oxide_etch,0,2024-07-02_09,29,0.528939425945282,0.6452556252479553,0.11631619930267334,0.11631619930267334,1
oxide_etch,0,2024-07-02_09,30,0.5906232595443726,0.6466802954673767,0.05605703592300415,0.05605703592300415,1
oxide_etch,0,2024-07-02_09,31,0.6401926875114441,0.6500711441040039,0.009878456592559814,0.009878456592559814,1
oxide_etch,0,2024-07-02_09,32,0.6760945916175842,0.6567341089248657,-0.019360482692718506,0.019360482692718506,1
oxide_etch,0,2024-07-02_09,33,0.6937873363494873,0.6603188514709473,-0.03346848487854004,0.03346848487854004,1
oxide_etch,0,2024-07-02_09,34,0.6906141042709351,0.6614966988563538,-0.0291174054145813,0.0291174054145813,1
oxide_etch,0,2024-07-02_09,35,0.6678628921508789,0.656692624092102,-0.011170268058776855,0.011170268058776855,1
oxide_etch,0,2024-07-02_09,36,0.6341744661331177,0.6549525260925293,0.02077805995941162,0.02077805995941162,1
oxide_etch,0,2024-07-02_09,37,0.5842037200927734,0.6511695384979248,0.06696581840515137,0.06696581840515137,1
oxide_etch,0,2024-07-02_09,38,0.5252816081047058,0.6540971398353577,0.12881553173065186,0.12881553173065186,1
oxide_etch,0,2024-07-02_09,39,0.4487000107765198,0.6530284881591797,0.2043284773826599,0.2043284773826599,1
oxide_etch,0,2024-07-02_09,40,0.5381925702095032,0.6579940915107727,0.11980152130126953,0.11980152130126953,1
oxide_etch,0,2024-07-02_09,41,0.5998308658599854,0.6580896973609924,0.05825883150100708,0.05825883150100708,1
oxide_etch,0,2024-07-02_09,42,0.6493647694587708,0.6619971394538879,0.012632369995117188,0.012632369995117188,1
oxide_etch,0,2024-07-02_09,43,0.6877484321594238,0.668663740158081,-0.019084692001342773,0.019084692001342773,1
oxide_etch,0,2024-07-02_09,44,0.7087000012397766,0.672578752040863,-0.036121249198913574,0.036121249198913574,1
oxide_etch,0,2024-07-02_09,45,0.7004088163375854,0.6716553568840027,-0.028753459453582764,0.028753459453582764,1
oxide_etch,0,2024-07-02_09,46,0.6780952215194702,0.6668136715888977,-0.01128154993057251,0.01128154993057251,1
oxide_etch,0,2024-07-02_09,47,0.6429001092910767,0.6655315160751343,0.022631406784057617,0.022631406784057617,1
oxide_etch,0,2024-07-02_09,48,0.5946999788284302,0.6628119349479675,0.06811195611953735,0.06811195611953735,1
oxide_etch,0,2024-07-02_09,49,0.5236999988555908,0.6648786067962646,0.14117860794067383,0.14117860794067383,1
oxide_etch,0,2024-07-02_09,50,0.4649098813533783,0.6399759650230408,0.17506608366966248,0.17506608366966248,1
oxide_etch,0,2024-07-02_09,51,0.5295628905296326,0.6448537707328796,0.11529088020324707,0.11529088020324707,1
oxide_etch,0,2024-07-02_09,52,0.5904468894004822,0.6438039541244507,0.053357064723968506,0.053357064723968506,1
oxide_etch,0,2024-07-02_09,53,0.6395941376686096,0.6482810974121094,0.008686959743499756,0.008686959743499756,1
oxide_etch,0,2024-07-02_09,54,0.674666166305542,0.6553611159324646,-0.019305050373077393,0.019305050373077393,1
oxide_etch,0,2024-07-02_09,55,0.6921536922454834,0.6593917012214661,-0.032761991024017334,0.032761991024017334,1
oxide_etch,0,2024-07-02_09,56,0.6888216137886047,0.6579089760780334,-0.03091263771057129,0.03091263771057129,1
oxide_etch,0,2024-07-02_09,57,0.6681928634643555,0.6523208618164062,-0.01587200164794922,0.01587200164794922,1
oxide_etch,0,2024-07-02_09,58,0.6359400153160095,0.6516671180725098,0.015727102756500244,0.015727102756500244,1
oxide_etch,0,2024-07-02_09,59,0.5876045227050781,0.6485193967819214,0.06091487407684326,0.06091487407684326,1
oxide_etch,0,2024-07-02_09,60,0.5295279026031494,0.6507951021194458,0.12126719951629639,0.12126719951629639,1
oxide_etch,0,2024-07-02_09,61,0.5041764974594116,0.6534762382507324,0.1492997407913208,0.1492997407913208,1
oxide_etch,0,2024-07-02_09,62,0.5652069449424744,0.6528232097625732,0.08761626482009888,0.08761626482009888,1
oxide_etch,0,2024-07-02_09,63,0.6136000156402588,0.6568291187286377,0.043229103088378906,0.043229103088378906,1
oxide_etch,0,2024-07-02_09,64,0.6446215510368347,0.662961483001709,0.018339931964874268,0.018339931964874268,1
oxide_etch,0,2024-07-02_09,65,0.6593325138092041,0.666681170463562,0.00734865665435791,0.00734865665435791,1
oxide_etch,0,2024-07-02_09,66,0.659301221370697,0.6655298471450806,0.006228625774383545,0.006228625774383545,1
oxide_etch,0,2024-07-02_09,67,0.6424530148506165,0.6626864075660706,0.0202333927154541,0.0202333927154541,1
oxide_etch,0,2024-07-02_09,68,0.6127590537071228,0.6618487238883972,0.049089670181274414,0.049089670181274414,1
oxide_etch,0,2024-07-02_09,69,0.5633881092071533,0.6600668430328369,0.0966787338256836,0.0966787338256836,1
oxide_etch,0,2024-07-02_09,70,0.45260000228881836,0.6477240324020386,0.19512403011322021,0.19512403011322021,1
oxide_etch,0,2024-07-02_09,71,0.5255258083343506,0.6488540172576904,0.12332820892333984,0.12332820892333984,1
oxide_etch,0,2024-07-02_09,72,0.5699694156646729,0.6520003080368042,0.08203089237213135,0.08203089237213135,1
oxide_etch,0,2024-07-02_09,73,0.6006470918655396,0.6586459279060364,0.057998836040496826,0.057998836040496826,1
oxide_etch,0,2024-07-02_09,74,0.6161107420921326,0.6608194708824158,0.0447087287902832,0.0447087287902832,1
oxide_etch,0,2024-07-02_09,75,0.6164509057998657,0.6614826321601868,0.045031726360321045,0.045031726360321045,1
oxide_etch,0,2024-07-02_09,76,0.6019934415817261,0.6577237844467163,0.055730342864990234,0.055730342864990234,1
oxide_etch,0,2024-07-02_09,77,0.5704485774040222,0.6576619744300842,0.08721339702606201,0.08721339702606201,1
oxide_etch,0,2024-07-02_09,78,0.5230000019073486,0.6546663045883179,0.13166630268096924,0.13166630268096924,1
oxide_etch,0,2024-07-02_09,79,0.4578999876976013,0.6639561653137207,0.20605617761611938,0.20605617761611938,1
oxide_etch,0,2024-07-02_09,80,0.5132269263267517,0.6666305661201477,0.153403639793396,0.153403639793396,1
oxide_etch,0,2024-07-02_09,81,0.5424244403839111,0.6728747487068176,0.1304503083229065,0.1304503083229065,1
oxide_etch,0,2024-07-02_09,82,0.5566386580467224,0.6756027936935425,0.11896413564682007,0.11896413564682007,1
oxide_etch,0,2024-07-02_09,83,0.5571264028549194,0.6753814220428467,0.11825501918792725,0.11825501918792725,1
oxide_etch,0,2024-07-02_09,84,0.541491687297821,0.6717380285263062,0.1302463412284851,0.1302463412284851,1
oxide_etch,0,2024-07-02_09,85,0.5097000002861023,0.6717563271522522,0.1620563268661499,0.1620563268661499,1
oxide_etch,0,2024-07-02_09,86,0.4812539219856262,0.6649392247200012,0.183685302734375,0.183685302734375,1
oxide_etch,0,2024-07-02_09,87,0.4814999997615814,0.6678915619850159,0.18639156222343445,0.18639156222343445,1
oxide_etch,0,2024-07-02_09,88,0.4997994303703308,0.6665010452270508,0.16670161485671997,0.16670161485671997,1
oxide_etch,0,2024-07-02_10,0,0.47366809844970703,0.6549444198608398,0.1812763214111328,0.1812763214111328,1
oxide_etch,0,2024-07-02_10,1,0.45570001006126404,0.6583657264709473,0.20266571640968323,0.20266571640968323,1
oxide_etch,0,2024-07-02_10,2,0.4874729514122009,0.6607843041419983,0.17331135272979736,0.17331135272979736,1
oxide_etch,0,2024-07-02_10,3,0.4361000061035156,0.6531559824943542,0.21705597639083862,0.21705597639083862,1
oxide_etch,0,2024-07-02_10,4,0.5055922269821167,0.6573101878166199,0.15171796083450317,0.15171796083450317,1
oxide_etch,0,2024-07-02_10,5,0.538914144039154,0.6642801761627197,0.12536603212356567,0.12536603212356567,1
oxide_etch,0,2024-07-02_10,6,0.5535944104194641,0.6679300665855408,0.11433565616607666,0.11433565616607666,1
oxide_etch,0,2024-07-02_10,7,0.5527634620666504,0.6682885885238647,0.11552512645721436,0.11552512645721436,1
oxide_etch,0,2024-07-02_10,8,0.5268773436546326,0.6647928357124329,0.1379154920578003,0.1379154920578003,1
oxide_etch,0,2024-07-02_10,9,0.48100000619888306,0.6625679135322571,0.18156790733337402,0.18156790733337402,1
oxide_etch,0,2024-07-02_10,10,0.43529999256134033,0.6405821442604065,0.20528215169906616,0.20528215169906616,1
oxide_etch,0,2024-07-02_10,11,0.5199890732765198,0.6413968801498413,0.12140780687332153,0.12140780687332153,1
oxide_etch,0,2024-07-02_10,12,0.5669662952423096,0.6450992822647095,0.0781329870223999,0.0781329870223999,1
oxide_etch,0,2024-07-02_10,13,0.6002451777458191,0.6522305011749268,0.051985323429107666,0.051985323429107666,1
oxide_etch,0,2024-07-02_10,14,0.6150263547897339,0.6567333936691284,0.04170703887939453,0.04170703887939453,1
oxide_etch,0,2024-07-02_10,15,0.6144587397575378,0.6572367548942566,0.04277801513671875,0.04277801513671875,1
oxide_etch,0,2024-07-02_10,16,0.595011830329895,0.6525851488113403,0.05757331848144531,0.05757331848144531,1
oxide_etch,0,2024-07-02_10,17,0.561657726764679,0.6505424976348877,0.08888477087020874,0.08888477087020874,1
oxide_etch,0,2024-07-02_10,18,0.49880003929138184,0.6475436687469482,0.1487436294555664,0.1487436294555664,1
oxide_etch,0,2024-07-02_10,19,0.4995340406894684,0.649959146976471,0.15042510628700256,0.15042510628700256,1
oxide_etch,0,2024-07-02_10,20,0.5627894997596741,0.6507342457771301,0.08794474601745605,0.08794474601745605,1
oxide_etch,0,2024-07-02_10,21,0.6118793487548828,0.6547472476959229,0.04286789894104004,0.04286789894104004,1
oxide_etch,0,2024-07-02_10,22,0.645035445690155,0.6601415276527405,0.01510608196258545,0.01510608196258545,1
oxide_etch,0,2024-07-02_10,23,0.6602711081504822,0.6640962958335876,0.0038251876831054688,0.0038251876831054688,1
oxide_etch,0,2024-07-02_10,24,0.6584112644195557,0.664167046546936,0.005755782127380371,0.005755782127380371,1
oxide_etch,0,2024-07-02_10,25,0.6404107809066772,0.6616990566253662,0.021288275718688965,0.021288275718688965,1
oxide_etch,0,2024-07-02_10,26,0.6078630089759827,0.6590725779533386,0.05120956897735596,0.05120956897735596,1
oxide_etch,0,2024-07-02_10,27,0.5555556416511536,0.6567524671554565,0.10119682550430298,0.10119682550430298,1
oxide_etch,0,2024-07-02_10,28,0.4639187157154083,0.6411949396133423,0.17727622389793396,0.17727622389793396,1
oxide_etch,0,2024-07-02_10,29,0.5287986397743225,0.6451187133789062,0.11632007360458374,0.11632007360458374,1
oxide_etch,0,2024-07-02_10,30,0.5901505947113037,0.6465467214584351,0.05639612674713135,0.05639612674713135,1
oxide_etch,0,2024-07-02_10,31,0.639535665512085,0.6499394178390503,0.010403752326965332,0.010403752326965332,1
oxide_etch,0,2024-07-02_10,32,0.6750890612602234,0.6566145420074463,-0.0184745192527771,0.0184745192527771,1
oxide_etch,0,2024-07-02_10,33,0.6931293606758118,0.6602016091346741,-0.032927751541137695,0.032927751541137695,1
oxide_etch,0,2024-07-02_10,34,0.6894639134407043,0.6613832712173462,-0.028080642223358154,0.028080642223358154,1
oxide_etch,0,2024-07-02_10,35,0.6665511727333069,0.6565685868263245,-0.009982585906982422,0.009982585906982422,1
oxide_etch,0,2024-07-02_10,36,0.6331817507743835,0.6548278331756592,0.021646082401275635,0.021646082401275635,1
oxide_etch,0,2024-07-02_10,37,0.5835596919059753,0.6510370373725891,0.06747734546661377,0.06747734546661377,1
oxide_etch,0,2024-07-02_10,38,0.526796281337738,0.6539760828018188,0.1271798014640808,0.1271798014640808,1
oxide_etch,0,2024-07-02_10,39,0.4472000002861023,0.6528956294059753,0.20569562911987305,0.20569562911987305,1
oxide_etch,0,2024-07-02_10,40,0.537600576877594,0.6578620672225952,0.12026149034500122,0.12026149034500122,1
oxide_etch,0,2024-07-02_10,41,0.5991646647453308,0.6579588651657104,0.05879420042037964,0.05879420042037964,1
oxide_etch,0,2024-07-02_10,42,0.6485937833786011,0.6618673801422119,0.01327359676361084,0.01327359676361084,1
oxide_etch,0,2024-07-02_10,43,0.6866432428359985,0.6685478687286377,-0.01809537410736084,0.01809537410736084,1
oxide_etch,0,2024-07-02_10,44,0.7074000239372253,0.6724628210067749,-0.03493720293045044,0.03493720293045044,1
oxide_etch,0,2024-07-02_10,45,0.6991838216781616,0.6715394258499146,-0.02764439582824707,0.02764439582824707,1
oxide_etch,0,2024-07-02_10,46,0.6762514114379883,0.6666879057884216,-0.00956350564956665,0.00956350564956665,1
oxide_etch,0,2024-07-02_10,47,0.6414468884468079,0.6654084920883179,0.02396160364151001,0.02396160364151001,1
oxide_etch,0,2024-07-02_10,48,0.593500018119812,0.6626831889152527,0.06918317079544067,0.06918317079544067,1
oxide_etch,0,2024-07-02_10,49,0.5236999988555908,0.6647566556930542,0.14105665683746338,0.14105665683746338,1
oxide_etch,0,2024-07-02_10,50,0.46441999077796936,0.6398332118988037,0.17541322112083435,0.17541322112083435,1
oxide_etch,0,2024-07-02_10,51,0.5290184617042542,0.6447136998176575,0.11569523811340332,0.11569523811340332,1
oxide_etch,0,2024-07-02_10,52,0.5896559953689575,0.6436648368835449,0.0540088415145874,0.0540088415145874,1
oxide_etch,0,2024-07-02_10,53,0.6385918855667114,0.6481449007987976,0.009553015232086182,0.009553015232086182,1
oxide_etch,0,2024-07-02_10,54,0.6731777787208557,0.6552378535270691,-0.01793992519378662,0.01793992519378662,1
oxide_etch,0,2024-07-02_10,55,0.6903882026672363,0.6592704653739929,-0.031117737293243408,0.031117737293243408,1
oxide_etch,0,2024-07-02_10,56,0.687011182308197,0.657788097858429,-0.029223084449768066,0.029223084449768066,1
oxide_etch,0,2024-07-02_10,57,0.6658668518066406,0.6521872282028198,-0.0136796236038208,0.0136796236038208,1
oxide_etch,0,2024-07-02_10,58,0.6335408091545105,0.6515331268310547,0.01799231767654419,0.01799231767654419,1
oxide_etch,0,2024-07-02_10,59,0.5854992270469666,0.6483772397041321,0.06287801265716553,0.06287801265716553,1
oxide_etch,0,2024-07-02_10,60,0.5273805260658264,0.6506620645523071,0.12328153848648071,0.12328153848648071,1
oxide_etch,0,2024-07-02_10,61,0.5034803748130798,0.6533476710319519,0.14986729621887207,0.14986729621887207,1
oxide_etch,0,2024-07-02_10,62,0.5640989542007446,0.6526962518692017,0.08859729766845703,0.08859729766845703,1
oxide_etch,0,2024-07-02_10,63,0.6121000051498413,0.656703531742096,0.04460352659225464,0.04460352659225464,1
oxide_etch,0,2024-07-02_10,64,0.6429763436317444,0.6628475785255432,0.019871234893798828,0.019871234893798828,1
oxide_etch,0,2024-07-02_10,65,0.6574758291244507,0.6665685772895813,0.009092748165130615,0.009092748165130615,1
oxide_etch,0,2024-07-02_10,66,0.6569074392318726,0.6654168963432312,0.008509457111358643,0.008509457111358643,1
oxide_etch,0,2024-07-02_10,67,0.639580488204956,0.6625645160675049,0.022984027862548828,0.022984027862548828,1
oxide_etch,0,2024-07-02_10,68,0.609284520149231,0.661726176738739,0.05244165658950806,0.05244165658950806,1
oxide_etch,0,2024-07-02_10,69,0.560153603553772,0.6599397659301758,0.09978616237640381,0.09978616237640381,1
oxide_etch,0,2024-07-02_10,70,0.4514000415802002,0.6475977301597595,0.19619768857955933,0.19619768857955933,1
oxide_etch,0,2024-07-02_10,71,0.5243126749992371,0.6487328410148621,0.124420166015625,0.124420166015625,1
oxide_etch,0,2024-07-02_10,72,0.568739116191864,0.65188068151474,0.08314156532287598,0.08314156532287598,1
oxide_etch,0,2024-07-02_10,73,0.5990601181983948,0.6585372090339661,0.05947709083557129,0.05947709083557129,1
oxide_etch,0,2024-07-02_10,74,0.6138726472854614,0.660713255405426,0.0468406081199646,0.0468406081199646,1
oxide_etch,0,2024-07-02_10,75,0.6137425303459167,0.6613817811012268,0.04763925075531006,0.04763925075531006,1
oxide_etch,0,2024-07-02_10,76,0.5984106063842773,0.6576119065284729,0.05920130014419556,0.05920130014419556,1
oxide_etch,0,2024-07-02_10,77,0.5665654540061951,0.6575474739074707,0.09098201990127563,0.09098201990127563,1
oxide_etch,0,2024-07-02_10,78,0.5192000269889832,0.654544472694397,0.13534444570541382,0.13534444570541382,1
oxide_etch,0,2024-07-02_10,79,0.4571000039577484,0.6638514399528503,0.20675143599510193,0.20675143599510193,1
oxide_etch,0,2024-07-02_10,80,0.5117911696434021,0.6665263175964355,0.15473514795303345,0.15473514795303345,1
oxide_etch,0,2024-07-02_10,81,0.540861964225769,0.6727830171585083,0.13192105293273926,0.13192105293273926,1
oxide_etch,0,2024-07-02_10,82,0.5551518797874451,0.6755115389823914,0.12035965919494629,0.12035965919494629,1
oxide_etch,0,2024-07-02_10,83,0.5547854900360107,0.6752923130989075,0.12050682306289673,0.12050682306289673,1
oxide_etch,0,2024-07-02_10,84,0.5382991433143616,0.6716382503509521,0.13333910703659058,0.13333910703659058,1
oxide_etch,0,2024-07-02_10,85,0.5052000284194946,0.6716559529304504,0.1664559245109558,0.1664559245109558,1
oxide_etch,0,2024-07-02_10,86,0.4826671779155731,0.6648452281951904,0.1821780502796173,0.1821780502796173,1
oxide_etch,0,2024-07-02_10,87,0.48069998621940613,0.6678000092506409,0.18710002303123474,0.18710002303123474,1
oxide_etch,0,2024-07-02_10,88,0.4982392191886902,0.666409969329834,0.1681707501411438,0.1681707501411438,1
